Наименование,Област,Община,Населено място,Адрес,Управител,Телефон,original_address,original_city,street_number,street_name_clean,search_query,lat,lng,provider,display_name,quality_score
МБАЛ Проф. д-р Александър Герчев Етрополе ЕООД,София - област,ЕТРОПОЛЕ,Етрополе,ул. Бригадирска 1,"Д-Р ГАЛЯ ИЛИЕВА ВАСИЛЕВА, Д-Р ГЕОРГИ КРЪСТЕВ КАНЗОВ, Д-Р СНЕЖАНКА ВАСИЛЕВА ДОСЕВА-ТОДОРОВА, Д-Р ЦЕНО ПАВЛОВ ГЛОГОВ","0879605651,072063685",ул. Бригадирска 1,Етрополе,1,Бригадирска,"ул. Бригадирска 1, Етрополе, България",,,,,0
МБАЛ - Скин Системс ООД,София - област,ЕЛИН ПЕЛИН,Доганово,ул. Първа 32,"Д-Р СПАРТАК СТОЯНОВ МИЛЕВ, Д-Р КАТРИН КОСТАДИНОВА КРАХТОВА-НАСТЕВА","0888707040,0895125771",ул. Първа 32,Доганово,32,Първа,"ул. Първа 32, Доганово, България",,,,,0
МБАЛ Авис Медика ООД,Плевен,ПЛЕВЕН,Тученица,ул. Георги Бенковски 19,"АЛЕКСАНДЪР ВЛАДИМИРОВ АНДРЕЕВ, ИРЕН ВЛАДИМИРОВА БАРКЛИ ПАЗ, ВЛАДИМИР ВАСИЛЕВ АНДРЕЕВ","064/909093,0889/231056,064909097,064909092",ул. Георги Бенковски 19,Тученица,19,Георги Бенковски,"ул. Георги Бенковски 19, Тученица, България",,,,,0
МБАЛ-ПОПОВО ЕООД,Търговище,ПОПОВО,Попово,ГР.ПОПОВО център,"ЙОВЧО ЯНКОВ ЯКОВ, ИВАН ПЕТКОВ ДИМИТРОВ, ИВАН НИКОЛОВ ГУЩАНОВ, ЯНКА АНДРЕЕВА ИВАНОВА, РУМЕН СТОЙЧЕВ РУСЕВ","0608/42401,0608/43912,0608/43574",ГР.ПОПОВО център,Попово,,ГР.ПОПОВО център,"ГР.ПОПОВО център, Попово, България",,,,,0
МБАЛ-ТЪРГОВИЩЕ АД,Търговище,ТЪРГОВИЩЕ,Търговище,ГР.ТЪРГОВИЩЕ център,ИВАН ВАСИЛЕВ СВЕТУЛКОВ,"0601/68888,0601/64864",ГР.ТЪРГОВИЩЕ център,Търговище,,ГР.ТЪРГОВИЩЕ център,"ГР.ТЪРГОВИЩЕ център, Търговище, България",,,,,0
МЕДИКО - ДЕНТАЛЕН ЦЕНТЪР ТРИО ЕООД,Враца,ВРАЦА,Враца,ул. Генерал Леонов 95,ВАЛЕНТИН МАРИНОВ НАЙДЕНОВ,0882934002,ул. Генерал Леонов 95,Враца,95,Генерал Леонов,"ул. Генерал Леонов 95, Враца, България",,,,,0
МЕДИЦИНСКИ ЦЕНТЪР ЗА СПЕЦИАЛИЗИРАНА МЕДИЦИНСКА ПОМОЩ - ВИЗУС ООД,Велико Търново,ГОРНА ОРЯХОВИЦА,Горна Оряховица,ул. Отец Пайсий 72,"СОФИЯ ЦЕЦКОВА ЦВЕТАНОВА-ДИМИТРОВА, ПЕТЯ ИВАНОВА ЦВЕТАНОВА, ПЕТЯ ЦВЕТАНОВА",061864053,ул. Отец Пайсий 72,Горна Оряховица,72,Отец Пайсий,"ул. Отец Пайсий 72, Горна Оряховица, България",,,,,0
Многопрофилна болница за активно лечение - Балчик ЕООД,Добрич,БАЛЧИК,Балчик,ул. д-р Зл. Петков 1,"Д-Р ПЛАМЕН ПЕТРОВ ДИМИТРОВ, ПАРСЕК САРКИС САЛБАШЯН, КРАСИМИР НИКОЛОВ КРЪЧМАРОВ, ИВО ХРИСТОВ ВОЙЧЕВ","0579/72238,0579/72018",ул. д-р Зл. Петков 1,Балчик,1,д-р Зл. Петков,"ул. д-р Зл. Петков 1, Балчик, България",,,,,0
СБПФЗПЛР-Цар Фердинанд І ЕООД,София - област,СВОГЕ,Искрец,кв. Санаториума,"Д-Р МАРИЯНА ХРИСТОВА ДЕНЕВА, ЛЮДМИЛА ЙОВЧЕВА ТОДОРОВА","071632001,071632002,0889151884",кв. Санаториума,Искрец,,кв. Санаториума,"кв. Санаториума, Искрец, България",,,,,0
СБР-НК ЕАД филиал Момин проход,София - област,КОСТЕНЕЦ,Момин Проход,ул. Христо Ботев 6,"Д-Р ПЛАМЕН ПЕТРОВ СТОЕВ, ЕВГЕНИ ГЕОРГИЕВ ЛЮБЕНОВ, НОНКА ДОБРИНОВА ОБРЕШКОВА, СПАСКА СТОЯНОВА БАХЧЕВАНОВА, АНИ БЛАГОЕВА ЗДРАВКОВА","0879220029,0878217400",ул. Христо Ботев 6,Момин Проход,6,Христо Ботев,"ул. Христо Ботев 6, Момин Проход, България",,,,,0
СПЕЦИАЛИЗИРАНА БОЛНИЦА ЗА АКТИВНО ЛЕЧЕНИЕ НА ПНЕВМО-ФТИЗИАТРИЧНИ ЗАБОЛЯВАНИЯ ХАСКОВО ЕООД,Хасково,ХАСКОВО,Хасково,кв. Болярово ул. Перущица 2,"ВЕСЕЛИН ТОДОРОВ КАЛФОВ, Д-Р ИРИНА ЗАПРЯНОВА КАРАМАНОВА",038668053,кв. Болярово ул. Перущица 2,Хасково,2,кв. Болярово ул. Перущица,"кв. Болярово ул. Перущица 2, Хасково, България",,,,,0
Специализирана болница за рехабилитация - Вита ЕООД клон Поморие,Бургас,ПОМОРИЕ,Поморие,ул. Проф. П. Стоянов 12,Д-Р АНГЕЛ ХАРАЛАМБИЕВ ПЕЕВ,"0889693535,0887344625,0888238988,0879/402937,0878/542292,0882/603915,0596/22055,0887670008",ул. Проф. П. Стоянов 12,Поморие,12,Проф. П. Стоянов,"ул. Проф. П. Стоянов 12, Поморие, България",,,,,0
УНИВЕРСИТЕТСКА МНОГОПРОФИЛНА БОЛНИЦА ЗА АКТИВНО ЛЕЧЕНИЕ СВЕТА МАРИНА-ПЛЕВЕН ООД,Плевен,ПЛЕВЕН,Плевен,ж.к Дружба ул. Трите бора 24,"ИВАЛЕНА МИНКОВА ВАСИЛЕВА, ПРОФ.Д-Р ГРИГОР АНГЕЛОВ ГОРЧЕВ","064/805313,064/805666",ж.к Дружба ул. Трите бора 24,Плевен,24,ж.к Дружба ул. Трите бора,"ж.к Дружба ул. Трите бора 24, Плевен, България",,,,,0
УНИВЕРСИТЕТСКА МНОГОПРОФИЛНА БОЛНИЦА ЗА АКТИВНО ЛЕЧЕНИЕ СВЕТА МАРИНА-ПЛЕВЕН ООД,Плевен,ПЛЕВЕН,Плевен,Местност Русково бърдо,"ИВАЛЕНА МИНКОВА ВАСИЛЕВА, ПРОФ.Д-Р ГРИГОР АНГЕЛОВ ГОРЧЕВ","064/805313,064/805666",Местност Русково бърдо,Плевен,,Местност Русково бърдо,"Местност Русково бърдо, Плевен, България",,,,,0
МБАЛ Уро Медикс ЕООД,Пловдив,ПЛОВДИВ,Пловдив,ул. Колхида продължение МТБ Пловдив Стационар и,Д-Р ЖАН РАДОЕВ ЧИТАЛОВ,"032673499,032280268",ул. Колхида продължение МТБ Пловдив Стационар и,Пловдив,,Колхида продължение МТБ Пловдив Стационар и,"ул. Колхида продължение МТБ Пловдив Стационар и, Пловдив, България",,,,,0
І САГБАЛ СВ. СОФИЯ ЕАД СОФИЯ,София (столица),СОФИЯ 11 рн КРАСНА ПОЛЯНА,СОФИЯ 11 рн КРАСНА ПОЛЯНА,ул. М. Ташев 2,"КОНСТАНТИН ИВАНОВ МАЛЕНОВ, Д-Р МЕТОДИ ВАНГЕЛОВ ЯНКОВ, Д-Р ЕЛИАН ПЕТРОВ РАЧЕВ, Д-Р ИВАН АТАНАСОВ КОСТОВ, Д-Р ГЕРГАНА КИРИЛОВА КОЛАРОВА",02/8220583,ул. М. Ташев 2,СОФИЯ 11 рн КРАСНА ПОЛЯНА,2,М. Ташев,"ул. М. Ташев 2, СОФИЯ 11 рн КРАСНА ПОЛЯНА, България",,,,,0
ІV МБАЛ - СОФИЯ ЕАД,София (столица),СОФИЯ 02 рн КРАСНО СЕЛО,СОФИЯ 02 рн КРАСНО СЕЛО,бул. Македония 38,"СТОЯН ЦВЕТАНОВ МАДЖАРОВ, Д-Р СТЕЛА ВАНЕВА СТАНЧЕВА-ЧЕРНЕВА, Д-Р АРКАДИ ГЕОРГИЕВ ИВАНОВ","02/9521474,02/8519211",бул. Македония 38,СОФИЯ 02 рн КРАСНО СЕЛО,38,Македония,"бул. Македония 38, СОФИЯ 02 рн КРАСНО СЕЛО, България",,,,,0
ІІ МБАЛ - СОФИЯ ЕАД,София (столица),СОФИЯ 05 рн СЕРДИКА,СОФИЯ 05 рн СЕРДИКА,бул. Христо Ботев 120,"КРАСИМИР СТОЯНОВ ПАНДЕВ, Д-Р ГЛИНКА ДИМОВ КОМИТОВ, ДОЦ. Д-Р СТЕФАН НИКОЛАЕВ УЗУНОВ","9158544,02/9158340",бул. Христо Ботев 120,СОФИЯ 05 рн СЕРДИКА,120,Христо Ботев,"бул. Христо Ботев 120, СОФИЯ 05 рн СЕРДИКА, България",,,,,0
АДЖИБАДЕМ СИТИ КЛИНИК УМБАЛ ЕООД,София (столица),СОФИЯ 09 рн ЛОЗЕНЕЦ,СОФИЯ 09 рн ЛОЗЕНЕЦ,ул. Околовръстен път 127,"ИЛИАН ГЕОРГИЕВ ГРИГОРОВ, МЕЛИХ КАРАХАСАНОГЛУ, ВЕНЕЛИНА ФИЛИПОВА АТАНАСОВА, АНДРЕЙ ПЪРВАНОВ МАРКОВ, Д-Р САШКА ЛАЗАРОВА РУСКОВА, АТАНАС ИВАНОВ ТУМАНОВ, АЛЕКСАНДЪР ВАЛЕНТИНОВ ИЛИЕВ","02/9604949,02/9604919",ул. Околовръстен път 127,СОФИЯ 09 рн ЛОЗЕНЕЦ,127,Околовръстен път,"ул. Околовръстен път 127, СОФИЯ 09 рн ЛОЗЕНЕЦ, България",,,,,0
АДЖИБАДЕМ СИТИ КЛИНИК УМБАЛ ЕООД,София (столица),СОФИЯ 15 рн МЛАДОСТ,СОФИЯ 15 рн МЛАДОСТ,бул. Цариградско шосе 66А,"ИЛИАН ГЕОРГИЕВ ГРИГОРОВ, МЕЛИХ КАРАХАСАНОГЛУ, ВЕНЕЛИНА ФИЛИПОВА АТАНАСОВА, АНДРЕЙ ПЪРВАНОВ МАРКОВ, Д-Р САШКА ЛАЗАРОВА РУСКОВА, АТАНАС ИВАНОВ ТУМАНОВ, АЛЕКСАНДЪР ВАЛЕНТИНОВ ИЛИЕВ","02/9604949,02/9604919",бул. Цариградско шосе 66А,СОФИЯ 15 рн МЛАДОСТ,66А,Цариградско шосе,"бул. Цариградско шосе 66А, СОФИЯ 15 рн МЛАДОСТ, България",,,,,0
АДЖИБАДЕМ СИТИ КЛИНИК УМБАЛ ТОКУДА СОФИЯ ЕАД,София (столица),СОФИЯ 09 рн ЛОЗЕНЕЦ,СОФИЯ 09 рн ЛОЗЕНЕЦ,бул. Н. Й. Вапцаров 51Б,"РОСЕН ЕМИЛ ПАНОВ, ЯВОР НИКОЛАЕВ ДРЕНСКИ, ИЛИАН ГЕОРГИЕВ ГРИГОРОВ, Д-Р ВЕНЕЛИНА ФИЛИПОВА АТАНАСОВА","02/4034359,02/4034225",бул. Н. Й. Вапцаров 51Б,СОФИЯ 09 рн ЛОЗЕНЕЦ,51Б,Н. Й. Вапцаров,"бул. Н. Й. Вапцаров 51Б, СОФИЯ 09 рн ЛОЗЕНЕЦ, България",,,,,0
АИСМП МЦ ПОЛИМЕД АД,София (столица),СОФИЯ 03 рн ВЪЗРАЖДАНЕ,СОФИЯ 03 рн ВЪЗРАЖДАНЕ,ул. Брегалница 47,ЦВЕТАН ДИМОВ ДИМАНОВ,8157931,ул. Брегалница 47,СОФИЯ 03 рн ВЪЗРАЖДАНЕ,47,Брегалница,"ул. Брегалница 47, СОФИЯ 03 рн ВЪЗРАЖДАНЕ, България",,,,,0
АСИП-МЦ-ЕВРОХОСПИТАЛ ПЛОВДИВ ЕООД,Пловдив,ПЛОВДИВ,Пловдив,ул. Колхида-продължение 2 и манипулационна,Д-Р ТАНКА ДЕЯНОВА ТУХЧИЕВА,"0889474781,032/6207015",ул. Колхида-продължение 2 и манипулационна,Пловдив,,Колхида-продължение,"ул. Колхида-продължение 2 и манипулационна, Пловдив, България",,,,,0
БПЛР - филиал гр. Варна при МИ НА МВР,Варна,ВАРНА,Варна,к.к. Свети Константин и Елена,"ПРОФ. Д-Р НЕНЧО ПЕТРОВ СМИЛОВ, ПРОФ. Д-Р ИЛИЯ АТАНАСОВ БАТАШКИ","052664810,0887232371,052/652496,052/501979",к.к. Свети Константин и Елена,Варна,,к.к. Свети Константин и Елена,"к.к. Свети Константин и Елена, Варна, България",,,,,0
БПЛР ВМА-БАНКЯ СОФИЯ,София (столица),СОФИЯ 24 рн БАНКЯ,СОФИЯ 24 рн БАНКЯ,ул. Иван Вазов 5,"Д-Р ГЕОРГИ ДАВИДОВ ДАВИДОВ, Д-Р ИВАН ЛАЛЕВ ДЯНКОВ","02/9977194,02/9777149",ул. Иван Вазов 5,СОФИЯ 24 рн БАНКЯ,5,Иван Вазов,"ул. Иван Вазов 5, СОФИЯ 24 рн БАНКЯ, България",,,,,0
БПЛР МИ МВР – ФИЛИАЛ БАНКЯ СОФИЯ,София (столица),СОФИЯ 24 рн БАНКЯ,СОФИЯ 24 рн БАНКЯ,ул. Хисар 2,"ПРОФ. Д-Р ДАНИЕЛА ВАЛЕНТИНОВА МОНОВА, ДОЦ. Д-Р ИЛИЯ АТАНАСОВ БАТАШКИ",02/9821506,ул. Хисар 2,СОФИЯ 24 рн БАНКЯ,2,Хисар,"ул. Хисар 2, СОФИЯ 24 рн БАНКЯ, България",,,,,0
ВМА-МБАЛ-ПЛЕВЕН,Плевен,ПЛЕВЕН,Плевен,ул. Г. Кочев 6,"Д-Р РОСЕН ИВАНОВ АНТИНОВ, ДИМИТЪР СТОЙЧЕВ РАДАНОВ, БОЯН МИЛЧЕВ КУЧЕВ, Д-Р НИКОЛАЙ ВЪЛОВ ТРИФОНОВ","064822875,064/890604,0888/155507,064890608",ул. Г. Кочев 6,Плевен,6,Г. Кочев,"ул. Г. Кочев 6, Плевен, България",,,,,0
ВОЕННОМЕДИЦИНСКА АКАДЕМИЯ,София (столица),СОФИЯ 10 рн ТРИАДИЦА,СОФИЯ 10 рн ТРИАДИЦА,ул. Св. Георги Софийски 3,"ГЕНЕРАЛ-МАЙОР ПРОФ. ВЕНЦИСЛАВ МЕТОДИЕВ МУТАФЧИЙСКИ, ГЕН.МАЙОР ПРОФ. СТОЯН ДИМИТРОВ ТОНЕВ, ПОЛК.ДОЦ. КРУМ СОТИРОВ КАЦАРОВ, ГЕНЕРАЛ МАЙОР ЧЛ. КОР. ПРОФ. НИКОЛАЙ ПЕТРОВ",9226000,ул. Св. Георги Софийски 3,СОФИЯ 10 рн ТРИАДИЦА,3,Св. Георги Софийски,"ул. Св. Георги Софийски 3, СОФИЯ 10 рн ТРИАДИЦА, България",,,,,0
ВТОРА САГБАЛ ШЕЙНОВО ЕАД,София (столица),СОФИЯ 01 рн СРЕДЕЦ,СОФИЯ 01 рн СРЕДЕЦ,ул. Шейново 19,"Д-Р РУМЕН ЛЮБЕНОВ ВЕЛЕВ, ИВАН АТАНАСОВ КОСТОВ, Д-Р ТАНЯ ЛЮБОМИРОВА АНДРЕЕВА-РАЙНОВА","02/9659430,9441163",ул. Шейново 19,СОФИЯ 01 рн СРЕДЕЦ,19,Шейново,"ул. Шейново 19, СОФИЯ 01 рн СРЕДЕЦ, България",,,,,0
ДИАЛИЗЕН ЦЕНТЪР ВИРТУС МЕДИКАЛ ЕООД,Варна,ВАРНА,Варна,ул. Херман Шкорпил 6,ПРОФ. Д-Р ВАЛЕНТИН ХРИСТОФОРОВ ИКОНОМОВ,052600002,ул. Херман Шкорпил 6,Варна,6,Херман Шкорпил,"ул. Херман Шкорпил 6, Варна, България",,,,,0
ДИАЛИЗЕН ЦЕНТЪР ХЕМОМЕД ЕООД СОФИЯ,София (столица),СОФИЯ 10 рн ТРИАДИЦА,СОФИЯ 10 рн ТРИАДИЦА,бул. България 104,Д-Р ПАВЛИНА СЛАВЧЕВА ПАУНОВА,0888806167,бул. България 104,СОФИЯ 10 рн ТРИАДИЦА,104,България,"бул. България 104, СОФИЯ 10 рн ТРИАДИЦА, България",,,,,0
ДКЦ НЕОКЛИНИК ЕАД,София (столица),СОФИЯ 10 рн ТРИАДИЦА,СОФИЯ 10 рн ТРИАДИЦА,бул. Петко Ю. Тодоров 20,"ВАЛЕНТИН ДИМИТРОВ ДИМИТРОВ, АТАНАС ИВАНОВ ТУМАНОВ, ЙОРДАНКА СТАНИМИРОВА ЯНАКИЕВА",070010744,бул. Петко Ю. Тодоров 20,СОФИЯ 10 рн ТРИАДИЦА,20,Петко Ю. Тодоров,"бул. Петко Ю. Тодоров 20, СОФИЯ 10 рн ТРИАДИЦА, България",,,,,0
ДКЦ СВЕТИ ПАНТАЛЕЙМОН ООД,Плевен,ПЛЕВЕН,Плевен,жк Дружба ул. Трите бора 24,"Д-Р ЕЛИЗА ЛЮБЕНОВА ГЕОРГИЕВА, Д-Р ЙОРДАН ГЕОРГИЕВ ГЕОРГИЕВ",064/872020,жк Дружба ул. Трите бора 24,Плевен,24,Дружба ул. Трите бора,"жк Дружба ул. Трите бора 24, Плевен, България",,,,,0
ДКЦ ХІV СОФИЯ ЕООД,София (столица),СОФИЯ 10 рн ТРИАДИЦА,СОФИЯ 10 рн ТРИАДИЦА,ул. Стефан Сарафов 7,"МИЛЕН ПЕТКОВ ДИМОВ, МАРИАНА МЕТОДИЕВА ВАСИЛЕВА-МАКСИМОВА, РАЙКО СТЕФАНОВ ЦВЕТКОВ","02/9521363,02/9521546",ул. Стефан Сарафов 7,СОФИЯ 10 рн ТРИАДИЦА,7,Стефан Сарафов,"ул. Стефан Сарафов 7, СОФИЯ 10 рн ТРИАДИЦА, България",,,,,0
ДКЦ ХХХ СОФИЯ ЕООД,София (столица),СОФИЯ 20 рн ВРЪБНИЦА,"София, Кв.Обеля","Р-Н ВРЪБНИЦА, жк ОБЕЛЯ 2","ЦВЕТАН ИВАНОВ НЕДЯЛКОВ, РОСЕН АЛЕКСАНДРОВ ФИДАНОВ, СЛАВИ ЕВСТАТИЕВ СЛАВЧЕВ, НЕЛИ ГЕОРГИЕВА ГЕОРГИЕВА-ТАИНОВА, ВЕЛИЗАР ДИМИТРОВ ДИЛОВ, ГАНЧО ВИТАНОВ ПЕНЕВ","934 0062,834 1615","Р-Н ВРЪБНИЦА, Ж.К. ОБЕЛЯ 2","София, Кв.Обеля",2,"Р-Н ВРЪБНИЦА, жк ОБЕЛЯ","Р-Н ВРЪБНИЦА, жк ОБЕЛЯ 2, София, Кв.Обеля, България",,,,,0
ДЦ - П,Перник,ПЕРНИК,Перник,ул. Златоград 1,ДОЦ. Д-Р АЛЕКСАНДЪР ИВАНОВ ОСИЧЕНКО,"0884933100,076/593924",ул. Златоград 1,Перник,1,Златоград,"ул. Златоград 1, Перник, България",,,,,0
ДЦ ФЪРСТ ДИАЛИЗИС СЪРВИСИЗ БЪЛГАРИЯ ЕАД ГР. МОНТАНА,Монтана,МОНТАНА,Монтана,ул. Никола Трендафилов - Колич 7,ИРЕНА АСЕНОВА ДИМИТРОВА,0899616167,ул. Никола Трендафилов - Колич 7,Монтана,7,Никола Трендафилов - Колич,"ул. Никола Трендафилов - Колич 7, Монтана, България",,,,,0
ДЦ Фърст Диализис Сървисиз България ЕАД Пловдив,Пловдив,ПЛОВДИВ,Пловдив,ул. Колхида – продължение,Д-Р ВАЛЕРИ ДИМИТРОВ ЦЕКОВ,032/398899,ул. Колхида – продължение,Пловдив,,Колхида – продължение,"ул. Колхида – продължение, Пловдив, България",,,,,0
ДЦ – ДИАЛМЕД ООД СОФИЯ,София (столица),СОФИЯ 10 рн ТРИАДИЦА,СОФИЯ 10 рн ТРИАДИЦА,ул. Голям Братан 8,"Д-Р ИВАЙЛО НАЧЕВ СРЕДКОВ, Д-Р КИРИЛ АНГЕЛОВ АНАДОЛИЙСКИ, ГЕОРГИ НЯГОЛОВ ЛАЗАРОВ, АННА БОРИСОВА КОТЕВА-ЧОЛАКОВА",,ул. Голям Братан 8,СОФИЯ 10 рн ТРИАДИЦА,8,Голям Братан,"ул. Голям Братан 8, СОФИЯ 10 рн ТРИАДИЦА, България",,,,,0
МБАЛ СВ. ИВАН РИЛСКИ ЕООД,Кюстендил,ДУПНИЦА,Дупница,ул. Свети Георги 2; ул. Отец Паисий 2,"СТЕФАН АСПАРУХОВ НИКОЛОВ, ЛЮБОМИР БОЯНОВ ТАУШАНСКИ, РОСЕН АНГЕЛОВ ТИМЧЕВ, ДИМИТЪР ГЕОРГИЕВ НЕДИН, ВЛАДИСЛАВ ИВАНОВ МИКОВ, МАРИЯ ИВАНОВА ЖАЙГАРОВА",0701/51826,ул. Свети Георги 2; ул. Отец Паисий 2,Дупница,2,Свети Георги,"ул. Свети Георги 2; ул. Отец Паисий 2, Дупница, България",,,,,0
МБАЛ КНЯГИНЯ КЛЕМЕНТИНА - СОФИЯ ЕАД,София (столица),СОФИЯ 05 рн СЕРДИКА,СОФИЯ 05 рн СЕРДИКА,бул. Столетов 67 А,"Д-Р ВАСКО МИНКОВ КАЦАРОВ, Д-Р БОРИЛ ПЕТРОВ ПЕТРОВ",02/9268105,бул. Столетов 67 А,СОФИЯ 05 рн СЕРДИКА,,Столетов,"бул. Столетов 67 А, СОФИЯ 05 рн СЕРДИКА, България",,,,,0
МБАЛ Паркхоспитал ЕООД,Пловдив,РОДОПИ,Браниполе,местност Герена 020Г,"Д-Р СВИЛЕН ШИДЕРОВ ПОПОВ, АНТОН СТОЯНОВ МИХНЕВ, ГАЛИНА КАРАУЛАНОВА, ЗДРАВКО ФЕЛИКСОВ КАБАДОЗОВ","032/280307,0879/606042,032/677027",местност Герена 020Г,Браниполе,020Г,местност Герена,"местност Герена 020Г, Браниполе, България",,,,,0
МБАЛ Св.Св.Козма и Дамян ООД Пловдив,Пловдив,ПЛОВДИВ,Пловдив,"жк Тракия, ул. Маестро Георги Атанасов 19; жк Тракия, бул. Освобождение 79","Д-Р ЗОРНИЦА ВЕСЕЛИНОВА СОТИРОВА, КОНСТАНТИН АНГЕЛОВ ВЛАХОВ",032990047,"жк Тракия, ул. Маестро Георги Атанасов 19; жк Тракия, бул. Освобождение 79",Пловдив,79,"Тракия, ул. Маестро Георги Атанасов","жк Тракия, ул. Маестро Георги Атанасов 19; жк Тракия, бул. Освобождение 79, Пловдив, България",,,,,0
МБАЛ - Варна ЕООД,Варна,ВАРНА,Варна,"Р-Н ОДЕСОС, ПЛ. П.СЛАВЕЙКОВ 1","ДОЦ. Д-Р ГЕОРГИ ПЕТКОВ ИЛИЕВ, Д-Р РУСИ ПАРАШКЕВОВ РУСЕВ","0877529374,052692009,052632234","Р-Н ОДЕСОС, ПЛ. П.СЛАВЕЙКОВ 1",Варна,1,"Р-Н ОДЕСОС, ПЛ. П.СЛАВЕЙКОВ","Р-Н ОДЕСОС, ПЛ. П.СЛАВЕЙКОВ 1, Варна, България",,,,,0
МБАЛ - Девня ЕООД,Варна,ДЕВНЯ,Девня,ул. Петрича 10А,"ДОБРОМИР ПЛАМЕНОВ ФИЛИПОВ, Д-Р СТОЯН ДИМИТРОВ КАЛОЯНОВ, КРАСИМИР ВАСИЛЕВ ДИНКОВ, Д-Р АНТОАНЕТА ЖЕЛЯЗКОВА ГЕОРГИЕВА, Д-Р КРАСИМИР ВАСИЛЕВ ДИНКОВ, КОНСТАНТИН ЕНЧЕВ ЯНКОВ, ДОЦ. Д-Р ИВАН ТЕНЧЕВ ГЪЛЪБОВ, Д-Р СНЕЖАНА ЙОВЧЕВА ВАСИЛЕВА, Д-Р КИРИЛ ВЪРБАНОВ ЛОЗАНОВ, МИГЛЕНА СТЕФАНОВА БОЯДЖИЕВА","0519/93490,0519/92433",ул. Петрича 10А,Девня,10А,Петрича,"ул. Петрича 10А, Девня, България",,,,,0
МБАЛ БОЛНИЦА ЕВРОПА ООД СОФИЯ,София (столица),СОФИЯ 02 рн КРАСНО СЕЛО,СОФИЯ 02 рн КРАСНО СЕЛО,бул. Пенчо Славейков 2,"ПРОФ.Д-Р ВЕНЦИСЛАВ ТОДОРОВ ЦВЕТКОВ, ДОЦ. Д-Р ВЛАДИСЛАВ БОРИСОВ ИВАНОВ, ДОЦ. Д-Р ВЛАДИСЛАВ БОРИСОВ ИВАНОВ И Д-Р ВЕНЦИСЛАВ ТОДОРОВ ИВАНОВ -ЗАЕДНО И ПООТДЕЛНО",0887111152,бул. Пенчо Славейков 2,СОФИЯ 02 рн КРАСНО СЕЛО,2,Пенчо Славейков,"бул. Пенчо Славейков 2, СОФИЯ 02 рн КРАСНО СЕЛО, България",,,,,0
МБАЛ ВИТА ЕООД СОФИЯ,София (столица),СОФИЯ 07 рн СЛАТИНА,СОФИЯ 07 рн СЛАТИНА,ул. Драговица 9,Д-Р ТИХОМИР КОСТОВ САВЧЕВ,,ул. Драговица 9,СОФИЯ 07 рн СЛАТИНА,9,Драговица,"ул. Драговица 9, СОФИЯ 07 рн СЛАТИНА, България",,,,,0
МБАЛ ВИТА ЕООД СОФИЯ,София (столица),СОФИЯ 09 рн ЛОЗЕНЕЦ,СОФИЯ 09 рн ЛОЗЕНЕЦ,ул. Филип Кутев 10,Д-Р ТИХОМИР КОСТОВ САВЧЕВ,,ул. Филип Кутев 10,СОФИЯ 09 рн ЛОЗЕНЕЦ,10,Филип Кутев,"ул. Филип Кутев 10, СОФИЯ 09 рн ЛОЗЕНЕЦ, България",,,,,0
МБАЛ Д-р Киро Попов - Карлово ЕООД,Пловдив,КАРЛОВО,Карлово,ул. Ген. майор Гурко Мархолев 3,"Д-Р ДАНИЕЛ ЛИЛОВ ПРАНДЖЕВ, ДОБРИНКА ТАНЧЕВА ЧУЛКОВА, ЦВЯТКО МИТОВ ИМИРСКИ, АНДРЕАН МИЛКОВ МИНЕВ, ХРИСТО ПЕЛЕВ, ОБРЕЙКО ГЕОРГИЕВ ОБРЕЙКОВ","0335/90802,0335/94945",ул. Ген. майор Гурко Мархолев 3,Карлово,3,Ген. майор Гурко Мархолев,"ул. Ген. майор Гурко Мархолев 3, Карлово, България",,,,,0
МБАЛ ДОВЕРИЕ АД СОФИЯ,София (столица),СОФИЯ 18 рн ОВЧА КУПЕЛ,СОФИЯ 18 рн ОВЧА КУПЕЛ,"жк Овча купел 2, ул. Фридрих Грюнангер 2","ДИМИТЪР СТЕФАНОВ ГУГУТКОВ, СИЙКА ДОБРЕВА АНДРЕЕВА, ПЕТЪР ЙОРДАНОВ КЕРЕМЕДЧИЕВ, НИКОЛАЙ ГРИГОРОВ ДИМИТРОВ",4005990/401,"жк Овча купел 2, ул. Фридрих Грюнангер 2",СОФИЯ 18 рн ОВЧА КУПЕЛ,2,Овча купел,"жк Овча купел 2, ул. Фридрих Грюнангер 2, СОФИЯ 18 рн ОВЧА КУПЕЛ, България",,,,,0
МБАЛ ДУЛОВО ЕООД,Силистра,ДУЛОВО,Дулово,УЛ. РОЗОВАДОЛИНА 37,"ЯНИТА КОЛЕВА АНДРЕЕВА, АЛИ АЛИ СЕЛИМАН, НЕДКА ГЕОРГИЕВА ЦВЕНКОВА, СТЕФАН ХРИСТОВ СТОЙЧЕВ, КОНСТАНТИН ВЛАДИМИРОВ ПОПОВ","086423200,086423029",УЛ. РОЗОВАДОЛИНА 37,Дулово,37,РОЗОВАДОЛИНА,"УЛ. РОЗОВАДОЛИНА 37, Дулово, България",,,,,0
МБАЛ ЕВРОХОСПИТАЛ ООД ВАРНА,Варна,ВАРНА,Виница,"кв. Виница, ул. Найден Райков 2А","ПЛАМЕН СТЕФАНОВ ПАВЛОВ, ВЕСЕЛИН МИХАЙЛОВ БАЛКАНСКИ, Д-Р АСЕН СЛАВОВ СТАНЧЕВ, Д-Р ЧАВДАР АТАНАСОВ ДОБРЕВ","052/387900,052/387927","кв. Виница, ул. Найден Райков 2А",Виница,2А,"кв. Виница, ул. Найден Райков","кв. Виница, ул. Найден Райков 2А, Виница, България",,,,,0
МБАЛ ЗА ЖЕНСКО ЗДРАВЕ НАДЕЖДА ООД СОФИЯ,София (столица),СОФИЯ 11 рн КРАСНА ПОЛЯНА,СОФИЯ 11 рн КРАСНА ПОЛЯНА,ул. Блага вест 3,Д-Р АНЕЛИЯ МАРИНОВА РАЧЕВА-КОТОВА,0882449370,ул. Блага вест 3,СОФИЯ 11 рн КРАСНА ПОЛЯНА,3,Блага вест,"ул. Блага вест 3, СОФИЯ 11 рн КРАСНА ПОЛЯНА, България",,,,,0
МБАЛ ЗДРАВЕТО 2012 ООД СОФИЯ,София (столица),СОФИЯ 02 рн КРАСНО СЕЛО,СОФИЯ 02 рн КРАСНО СЕЛО,"гр. София, жк Красно село, ул. Маестро Кънев 4","ДИМИТЪР ПЛАМЕНОВ МИТЕВ, Д-Р ПЛАМЕН ДИМИТРОВ МИТЕВ, Д-Р ПЛАМЕН ДИМИТРОВ МИТЕВ И ДОЦ. АЛБЕНА ТОДОРОВА МИТЕВА -ЗАЕДНО, АЛБЕНА ТОДОРОВА КРАЕВА-МИТЕВА","02/9524297,0888 869620","гр. София, жк Красно село, ул. Маестро Кънев 4",СОФИЯ 02 рн КРАСНО СЕЛО,4,"гр. София, жк Красно село, ул. Маестро Кънев","гр. София, жк Красно село, ул. Маестро Кънев 4, СОФИЯ 02 рн КРАСНО СЕЛО, България",,,,,0
МБАЛ ЛОЗЕНЕЦ ЕАД,София (столица),СОФИЯ 09 рн ЛОЗЕНЕЦ,СОФИЯ 09 рн ЛОЗЕНЕЦ,УЛ. КОЗЯК 1,"ДОЦ. Д-Р РАДОСВЕТ ПЕТРОВ ГОРНЕВ, Д-Р ХРИСТО ВАЛЕНТИНОВ СТОЯНОВ, Д-Р ОЛГА ВЛАДИМИРОВА МИЦОВА - МАСЛАРОВА",9607607,УЛ. КОЗЯК 1,СОФИЯ 09 рн ЛОЗЕНЕЦ,1,КОЗЯК,"УЛ. КОЗЯК 1, СОФИЯ 09 рн ЛОЗЕНЕЦ, България",,,,,0
МБАЛ ЛЮЛИН ЕАД СОФИЯ,София (столица),СОФИЯ 19 рн ЛЮЛИН,СОФИЯ 19 рн ЛЮЛИН,"жк Люлин-6 бул. д-р Петър Дертлиев 81и 90, ул. Ал. Пушкин 71","Д-Р АНГЕЛ ЛЮБЕНОВ ПОПОВ, Д-Р ГЕОРГИ МИХАЙЛОВ ГЕОРГИЕВ","02/8108906,02/8108909","жк Люлин-6 бул. д-р Петър Дертлиев 81и 90, ул. Ал. Пушкин 71",СОФИЯ 19 рн ЛЮЛИН,71,Люлин-6 бул. д-р Петър Дертлиев,"жк Люлин-6 бул. д-р Петър Дертлиев 81и 90, ул. Ал. Пушкин 71, СОФИЯ 19 рн ЛЮЛИН, България",,,,,0
МБАЛ Мед Лайн Клиник АД Пловдив,Пловдив,ПЛОВДИВ,ПЛОВДИВ 1 р-н ЦЕНТРАЛЕН,ул. Филип Македонски 37,ПРОФ. НЕВЕН ЕНЧЕВ ФОН ГОЛДЕНБУРГ,"032960699,0878656684",ул. Филип Македонски 37,ПЛОВДИВ 1 р-н ЦЕНТРАЛЕН,37,Филип Македонски,"ул. Филип Македонски 37, ПЛОВДИВ 1 р-н ЦЕНТРАЛЕН, България",,,,,0
МБАЛ НКБ ЕАД СОФИЯ,София (столица),СОФИЯ 12 рн ИЛИНДЕН,СОФИЯ 12 рн ИЛИНДЕН,"гр.София район Илинден ул. Коньовица 65 и гр. Банкя, ул. Шейново 4","РОСЕН ВАНЕВ ПЕТКОВ, ДОЦ. Д-Р ВЛАДИМИР БОРИСОВ ПИЛОСОФ, ПРОФ. Д-Р МАРИО ДРАГАНОВ СТАНКЕВ, КРАСИМИР РОСЕНОВ ДЖИНСОВ","8221582,9211410","гр.София район Илинден ул. Коньовица 65 и гр. Банкя, ул. Шейново 4",СОФИЯ 12 рн ИЛИНДЕН,4,гр.София район Илинден ул. Коньовица,"гр.София район Илинден ул. Коньовица 65 и гр. Банкя, ул. Шейново 4, СОФИЯ 12 рн ИЛИНДЕН, България",,,,,0
МБАЛ ПОЛИМЕД ООД СОФИЯ,София (столица),СОФИЯ 03 рн ВЪЗРАЖДАНЕ,СОФИЯ 03 рн ВЪЗРАЖДАНЕ,"гр.София 1303, р-н Възраждане, ул. Брегалница 47","Д-Р ЦВЕТАН ДИМОВ ДИМАНОВ, ВЕНЦИСЛАВ ЙОРДАНОВ ДИМОВ, ЙОРДАН ГЕОРГИЕВ ПЕЙЧЕВ",8157931,"гр.София 1303, р-н Възраждане, ул. Брегалница 47",СОФИЯ 03 рн ВЪЗРАЖДАНЕ,47,гр.София,"гр.София 1303, р-н Възраждане, ул. Брегалница 47, СОФИЯ 03 рн ВЪЗРАЖДАНЕ, България",,,,,0
МБАЛ Павликени ЕООД,Велико Търново,ПАВЛИКЕНИ,Павликени,ул. Васил Петлешков 2,Д-Р РЕНЕТА НИКОЛОВА КРЪСТЕВА,0882373777,ул. Васил Петлешков 2,Павликени,2,Васил Петлешков,"ул. Васил Петлешков 2, Павликени, България",,,,,0
МБАЛ Проф. Д-р Константин Чилов ЕООД,Смолян,МАДАН,Мадан,ул. Перелик 9,СТЕФАН АСЕНОВ ХАДЖИЕВ,"0308/98902,0887227102",ул. Перелик 9,Мадан,9,Перелик,"ул. Перелик 9, Мадан, България",,,,,0
МБАЛ СВ. АННА - СОФИЯ АД,София (столица),СОФИЯ 15 рн МЛАДОСТ,СОФИЯ 15 рн МЛАДОСТ,жк МЛАДОСТ 1 УЛ. ДИМИТЪР МОЛЛОВ 1,"Д-Р СЛАВЧО СОТИРОВ БЛИЗНАКОВ, ДИМИТЪР ВЪЛЧИНОВ ДИМИТРОВ",9759000,Ж.К. МЛАДОСТ 1 УЛ. ДИМИТЪР МОЛЛОВ 1,СОФИЯ 15 рн МЛАДОСТ,1,МЛАДОСТ,"жк МЛАДОСТ 1 УЛ. ДИМИТЪР МОЛЛОВ 1, СОФИЯ 15 рн МЛАДОСТ, България",,,,,0
МБАЛ СВ. БОГОРОДИЦА ЕООД СОФИЯ,София (столица),СОФИЯ 04 рн ОБОРИЩЕ,СОФИЯ 04 рн ОБОРИЩЕ,Тракия 46,"Д-Р ИЛИЯ ИЛИЕВ КАЛЧЕВ, Д-Р НИКОЛАЙ ЛЮБЕНОВ БОЛТАДЖИЕВ","8462016,8438921",Тракия 46,СОФИЯ 04 рн ОБОРИЩЕ,46,Тракия,"Тракия 46, СОФИЯ 04 рн ОБОРИЩЕ, България",,,,,0
МБАЛ СВ. ПАНТАЛЕЙМОН СОФИЯ АД,София (столица),СОФИЯ 15 рн МЛАДОСТ,СОФИЯ 15 рн МЛАДОСТ,бул. Александър Малинов 63,ТАНЬО ИВАНОВ СЕЧАНОВ,"9741000,9744450",бул. Александър Малинов 63,СОФИЯ 15 рн МЛАДОСТ,63,Александър Малинов,"бул. Александър Малинов 63, СОФИЯ 15 рн МЛАДОСТ, България",,,,,0
МБАЛ СВ. СОФИЯ ЕООД СОФИЯ,София (столица),СОФИЯ 17 рн ВИТОША,СОФИЯ 17 рн ВИТОША,бул. България 104,"МИГЛЕНА ТОДОРОВА МИХОВА, ХРИСТО ДИМИТРОВ МАЗНЕЙКОВ, Д-Р ХРИСТО ДИМИТРОВ МАЗНЕЙКОВ И ПРОКУРИСТ Д-Р МИХАИЛ КИРИЛОВ ЗОРТЕВ, Д-Р ВАЛЕНТИНА ИЛИЕВА МАЗНЕЙКОВА, ДЕСИСЛАВА АСЕНОВА МАЛИНОВА, Д-Р ХРИСТО ДИМИТРОВ МАЗНЕЙКОВ И ПРОКУРИСТ Д-Р МЕТОДИ ВАНГЕЛОВ ЯНКОВ",02/8184666,бул. България 104,СОФИЯ 17 рн ВИТОША,104,България,"бул. България 104, СОФИЯ 17 рн ВИТОША, България",,,,,0
МБАЛ СВЕТИ ГЕОРГИ ПЕРНИК ООД,София (столица),СОФИЯ 19 рн ЛЮЛИН,СОФИЯ 19 рн ЛЮЛИН,"РАЙОН СОФИЯ 19 рн ЛЮЛИН, ул. 109 -та 19",ДОЦ. Д-Р СПАС НИКОЛОВ СПАСКОВ,,"РАЙОН СОФИЯ 19 рн ЛЮЛИН, ул. 109 -та 19",СОФИЯ 19 рн ЛЮЛИН,19,РАЙОН СОФИЯ,"РАЙОН СОФИЯ 19 рн ЛЮЛИН, ул. 109 -та 19, СОФИЯ 19 рн ЛЮЛИН, България",,,,,0
МБАЛ СЕРДИКАМЕД ЕООД,София (столица),СОФИЯ 18 рн ОВЧА КУПЕЛ,СОФИЯ 18 рн ОВЧА КУПЕЛ,База 2 жк Овча купел 2 бул. Президент Линкълн 128; База 1 жк Овча купел 1 ул. Монтевидео 21,"Д-Р МЕТОДИ ВАНГЕЛОВ ЯНКОВ, Д-Р МАРИЯ МЕТОДИЕВА ЯНКОВА, Д-Р ТИНКА АНГЕЛОВА ДАНЧЕВА","0888949958,02/9049100",База 2 жк Овча купел 2 бул. Президент Линкълн 128; База 1 жк Овча купел 1 ул. Монтевидео 21,СОФИЯ 18 рн ОВЧА КУПЕЛ,21,База,"База 2 жк Овча купел 2 бул. Президент Линкълн 128; База 1 жк Овча купел 1 ул. Монтевидео 21, СОФИЯ 18 рн ОВЧА КУПЕЛ, България",,,,,0
МБАЛ Св. Иван Рилски ЕООД Козлодуй,Враца,КОЗЛОДУЙ,Козлодуй,ул. Св. Св. Кирил и Методий 1,"НИКОЛАЙ СТЕФАНОВ ДИМОВ, Д-Р ЮЛИЯН ЙОРДАНОВ ПЪРВОЛОВ, Д-Р БИЛЯНА СИМЕОНОВА СТОЯНОВСКА, Д-Р РУМЕН СТОЯНОВ ТИХОЛОВ, Д-Р ОЛГА ТОШЕВА НИКОЛОВА, Д-Р ДИЛЯН НИКИФОРОВ ПЕТРОВ, Д-Р ПЛАМЕН ТИХОМИРОВ ПЕТРОВ, Д-Р МОМЧИЛ ДЕНЕВ ИВАНОВ, Д-Р ЕМИЛ ВИКТОРОВ ГОГОШЕВ","0973/85200,0973/80714,0973/81211,0973/85214,0878690740",ул. Св. Св. Кирил и Методий 1,Козлодуй,1,Св. Св. Кирил и Методий,"ул. Св. Св. Кирил и Методий 1, Козлодуй, България",,,,,0
МБАЛ Свети Панталеймон-Плевен ООД,Плевен,ПЛЕВЕН,Плевен,"жк. Дружба, ул. Трите бора 24","СОНЯ ИВАНОВА МУКОВА-АТАНАСОВА, Д-Р ЕЛИЗА ЛЮБЕНОВА ГЕОРГИЕВА, ЙОРДАН ГЕОРГИЕВ ГЕОРГИЕВ","0889321219,064/872020,0888/928686","жк. Дружба, ул. Трите бора 24",Плевен,24,". Дружба, ул. Трите бора","жк. Дружба, ул. Трите бора 24, Плевен, България",,,,,0
МБАЛ Тетевен ЕООД,Ловеч,ТЕТЕВЕН,Тетевен,Д.Благоев 62,"МИХАИЛ НЕНОВ НИКОЛОВСКИ, МАДЛЕНА ЦВЕТАНОВА БОЯДЖИЕВА-НИЧЕВА, НЕВЕЛИНА ВАСИЛЕВА ГАНЕВА","0892602778,0678/52141",Д.Благоев 62,Тетевен,62,Д.Благоев,"Д.Благоев 62, Тетевен, България",,,,,0
МБАЛ ХИГИЯ АД,Пазарджик,ПАЗАРДЖИК,Пазарджик,ул. Св. Иван Рилски 3,ЦВЕТЕЛИНА СТАЙКОВА СПИРИДОНОВА,,ул. Св. Иван Рилски 3,Пазарджик,3,Св. Иван Рилски,"ул. Св. Иван Рилски 3, Пазарджик, България",,,,,0
МБАЛ Христо Ботев АД Враца,Враца,ОРЯХОВО,Оряхово,ул. Архитект Цолов 98,"Д-Р КЕТИ ДИТКОВА ЦЕНОВА-СРЕДКОВА, ВЛАДИСЛАВ ХРИСТОВ ИВАНОВ, ОРЛИН ВЕСЕЛИНОВ ЦВЕТКОВ, СВЕТОЗАР БОРИСОВ ЛУКАНОВ, Д-Р ПЕТЪР ЙОРДАНОВ КЕРЕМЕДЧИЕВ, ЕВГЕНИ ГЕОРГИЕВ ЛЮБЕНОВ","092/665110, 0884709012",ул. Архитект Цолов 98,Оряхово,98,Архитект Цолов,"ул. Архитект Цолов 98, Оряхово, България",,,,,0
МБАЛНП СВ. НАУМ ЕАД СОФИЯ,София (столица),СОФИЯ 08 рн ИЗГРЕВ,СОФИЯ 08 рн ИЗГРЕВ,бул. Цариградско шосе IV-ти километър ул. д-р Любен Русев 1,"АКАД. ПРОФ. Д-Р ИВАН ГОСПОДИНОВ МИЛАНОВ, ПАРАСКЕВА КОСТОВА СТАМЕНОВА","02/9702102, 02/8709309",бул. Цариградско шосе IV-ти километър ул. д-р Любен Русев 1,СОФИЯ 08 рн ИЗГРЕВ,1,Цариградско шосе IV-ти километър ул. д-р Любен Русев,"бул. Цариградско шосе IV-ти километър ул. д-р Любен Русев 1, СОФИЯ 08 рн ИЗГРЕВ, България",,,,,0
МБПЛ Иван Раев -Сопот ЕООД,Пловдив,СОПОТ,Сопот,ул. Трети март 20,Д-Р СТЕФАН КИРИЛОВ АНАСТАСОВ,"03134/7966, 0887775533",ул. Трети март 20,Сопот,20,Трети март,"ул. Трети март 20, Сопот, България",,,,,0
МБПЛР СЕРДИКА ЕООД,София (столица),СОФИЯ 18 рн ОВЧА КУПЕЛ,СОФИЯ 18 рн ОВЧА КУПЕЛ,бул. Монтевидео 21,"Д-Р ВИОЛЕТА ТОНЧЕВА МАГАЕВА, Д-Р МЕТОДИ ВАНГЕЛОВ ЯНКОВ, Д-Р СПАС ИГНАТОВ ИГОВ",0888949958,бул. Монтевидео 21,СОФИЯ 18 рн ОВЧА КУПЕЛ,21,Монтевидео,"бул. Монтевидео 21, СОФИЯ 18 рн ОВЧА КУПЕЛ, България",,,,,0
МЕДИЦИНСКИ ЦЕНТЪР БАЛКАНМЕД ООД,София (столица),СОФИЯ 04 рн ОБОРИЩЕ,СОФИЯ 04 рн ОБОРИЩЕ,ул. Струма 6,"Д-Р МИХАЕЛА ВАСКОВА ПЕТРОВА, Д-Р ВИКТОР АСПАРУХОВ КАМБУРОВ",0889313050,ул. Струма 6,СОФИЯ 04 рн ОБОРИЩЕ,6,Струма,"ул. Струма 6, СОФИЯ 04 рн ОБОРИЩЕ, България",,,,,0
МЕДИЦИНСКИ ЦЕНТЪР СВЕТЛИНА ЕООД,София (столица),СОФИЯ 05 рн СЕРДИКА,СОФИЯ 05 рн СЕРДИКА,бул. Княгиня Мария Луиза 191,СТЕФАН НЕДКОВ НЕДЕВ,,бул. Княгиня Мария Луиза 191,СОФИЯ 05 рн СЕРДИКА,191,Княгиня Мария Луиза,"бул. Княгиня Мария Луиза 191, СОФИЯ 05 рн СЕРДИКА, България",,,,,0
МИ МВР СОФИЯ,София (столица),СОФИЯ 02 рн КРАСНО СЕЛО,СОФИЯ 02 рн КРАСНО СЕЛО,бул. Ген. М. Скобелев 79,"ПРОФ. Д-Р НЕНЧО ПЕТРОВ СМИЛОВ, ГЕНО КИРОВ КИРОВ, ПРОФ. Д-Р ДАНИЕЛА ВАЛЕНТИНОВА МОНОВА, ДОЦ. Д-Р ИЛИЯ АТАНАСОВ БАТАШКИ",02/9821509,бул. Ген. М. Скобелев 79,СОФИЯ 02 рн КРАСНО СЕЛО,79,Ген. М. Скобелев,"бул. Ген. М. Скобелев 79, СОФИЯ 02 рн КРАСНО СЕЛО, България",,,,,0
МТБ-Пловдив,Пловдив,ПЛОВДИВ,Пловдив,ул. Колхида - продължение,"Д-Р ПЛАМЕН ДИМИТРОВ ПАВЛОВ, ПЛАМЕНКА АНАСТАСОВА КАРАКАШЕВА, НИКОЛАЙ ЗАБУНОВ, ОГНЯН АЛЕКСАНДРОВ НАЙДЕНОВ","032/674658, 032/674659",ул. Колхида - продължение,Пловдив,,Колхида - продължение,"ул. Колхида - продължение, Пловдив, България",,,,,0
МЦ БЕТА КЛИНИК ООД,София (столица),СОФИЯ 09 рн ЛОЗЕНЕЦ,СОФИЯ 09 рн ЛОЗЕНЕЦ,бул. Черни Връх 14,"РОСЕН СИЛВИЕВ ГЕОРГИЕВ, РОСЕН СИЛВИЕВ ГЕОРГИЕВ ЧРЕЗ ПЪЛНОМОЩНИК КАЛИНА МИЛКОВА МИХАЙЛОВА",0884923192,бул. Черни Връх 14,СОФИЯ 09 рн ЛОЗЕНЕЦ,14,Черни Връх,"бул. Черни Връх 14, СОФИЯ 09 рн ЛОЗЕНЕЦ, България",,,,,0
МЦ ВЕРЕЯ ЕООД,Стара Загора,СТАРА ЗАГОРА,Стара Загора,бул. Митрополит Методий Кусев 9 и,ДОЦ. Д-Р ДИМИТЪР НИКОЛОВ ДЖЕЛЕБОВ,042/601460,бул. Митрополит Методий Кусев 9 и,Стара Загора,,Митрополит Методий Кусев,"бул. Митрополит Методий Кусев 9 и, Стара Загора, България",,,,,0
МЦ ЗА ОЧНО ЗДРАВЕ ФОКУС ЕООД,София (столица),СОФИЯ 03 рн ВЪЗРАЖДАНЕ,СОФИЯ 03 рн ВЪЗРАЖДАНЕ,ул. Българска морава 123,Д-Р АНЕТА ЛУКАНОВА МИШЕВА,02/9834581,ул. Българска морава 123,СОФИЯ 03 рн ВЪЗРАЖДАНЕ,123,Българска морава,"ул. Българска морава 123, СОФИЯ 03 рн ВЪЗРАЖДАНЕ, България",,,,,0
МЦ КЛИНИКА СВЕТА МАРИЯ МАГДАЛЕНА ЕООД,София (столица),СОФИЯ 04 рн ОБОРИЩЕ,СОФИЯ 04 рн ОБОРИЩЕ,ул. Бяло море 25,Д-Р КРУМ ПЕТРОВ КРУМОВ,"0888755348, 0887513634",ул. Бяло море 25,СОФИЯ 04 рн ОБОРИЩЕ,25,Бяло море,"ул. Бяло море 25, СОФИЯ 04 рн ОБОРИЩЕ, България",,,,,0
МЦ КЛИНИКА СВЕТА МАРИЯ МАГДАЛЕНА ЕООД,София (столица),СОФИЯ 10 рн ТРИАДИЦА,СОФИЯ 10 рн ТРИАДИЦА,ул. д-р Стефан Сарафов 72,Д-Р КРУМ ПЕТРОВ КРУМОВ,"0888755348, 0887513634",ул. д-р Стефан Сарафов 72,СОФИЯ 10 рн ТРИАДИЦА,72,д-р Стефан Сарафов,"ул. д-р Стефан Сарафов 72, СОФИЯ 10 рн ТРИАДИЦА, България",,,,,0
МЦ Литомед ООД,Пловдив,ПЛОВДИВ,Пловдив,бул. Ал. Стамболийски 31,"Д-Р ВАСИЛ ЛИЛЯНОВ ИВАНОВ, ЗДРАВКО КАБАДОЗОВ","032/668566, 0888199071, 0888397806",бул. Ал. Стамболийски 31,Пловдив,31,Ал. Стамболийски,"бул. Ал. Стамболийски 31, Пловдив, България",,,,,0
МЦ Литомед ООД,Пловдив,РОДОПИ,Браниполе,Местност Герена 020 Г,"Д-Р ВАСИЛ ЛИЛЯНОВ ИВАНОВ, ЗДРАВКО КАБАДОЗОВ","032/668566, 0888199071, 0888397806",Местност Герена 020 Г,Браниполе,,Местност Герена,"Местност Герена 020 Г, Браниполе, България",,,,,0
МЦ ОЧЕН ЛАЗЕРЕН ЦЕНТЪР ВИЖЪН ЕООД,София (столица),СОФИЯ 02 рн КРАСНО СЕЛО,СОФИЯ 02 рн КРАСНО СЕЛО,ул. Виктор Григорович 8,"ЕЛЕНА НЕЙЧЕВА КУМБИЕВА, ЕЛЕНА АТАНАСОВА ДАРДЖИКОВА, ЕЛЕНА АТАНАСОВА ПЕШЕВА",02/9515037,ул. Виктор Григорович 8,СОФИЯ 02 рн КРАСНО СЕЛО,8,Виктор Григорович,"ул. Виктор Григорович 8, СОФИЯ 02 рн КРАСНО СЕЛО, България",,,,,0
МЦ ОЧЕН ЛАЗЕРЕН ЦЕНТЪР ВИЖЪН ЕООД,София (столица),СОФИЯ 14 рн ИСКЪР,СОФИЯ 14 рн ИСКЪР,бул. Проф. Цветан Лазаров 86,"ЕЛЕНА НЕЙЧЕВА КУМБИЕВА, ЕЛЕНА АТАНАСОВА ДАРДЖИКОВА, ЕЛЕНА АТАНАСОВА ПЕШЕВА",02/9515037,бул. Проф. Цветан Лазаров 86,СОФИЯ 14 рн ИСКЪР,86,Проф. Цветан Лазаров,"бул. Проф. Цветан Лазаров 86, СОФИЯ 14 рн ИСКЪР, България",,,,,0
МЦ ПЕНТАГРАМ 2012 ООД,София (столица),СОФИЯ 12 рн ИЛИНДЕН,СОФИЯ 12 рн ИЛИНДЕН,ул. Враня 109-111,"Д-Р ВЕСЕЛИН ТОДОРОВ ДАСКАЛОВ, Д-Р КОНСТАНЦА ТОШЕВА ДАСКАЛОВА",0878974419,ул. Враня 109-111,СОФИЯ 12 рн ИЛИНДЕН,111,Враня,"ул. Враня 109-111, СОФИЯ 12 рн ИЛИНДЕН, България",,,,,0
МЦ РВД ЗДРАВЕ ООД СОФИЯ,София (столица),СОФИЯ 04 рн ОБОРИЩЕ,СОФИЯ 04 рн ОБОРИЩЕ,ул. Тракия 46,"Д-Р ВЕРГИЛ ЙОНЧЕВ ЧУКОВ, СТОЙЧО ТОДОРОВ КАЦАРОВ, Д-Р ДИМИТЪР ИВАНОВ ТОПЧИЙСКИ, Д-Р МАЯ ТОНОВА КАМЕНОВА",02/8462016,ул. Тракия 46,СОФИЯ 04 рн ОБОРИЩЕ,46,Тракия,"ул. Тракия 46, СОФИЯ 04 рн ОБОРИЩЕ, България",,,,,0
МЦ СВЕТА МАРИНА-ДИАГНОСТИКА И ТЕРАПИЯ ООД,Плевен,ПЛЕВЕН,Плевен,местност Русково бърдо,"Д-Р ЖИТИАН АЛЕКСАНДРОВ АТАНАСОВ, ПРОФ. Д-Р ГРИГОР АНГЕЛОВ ГОРЧЕВ","064/806838, 064/8181, 064/805666",местност Русково бърдо,Плевен,,местност Русково бърдо,"местност Русково бърдо, Плевен, България",,,,,0
МЦ Света Ана ООД,Враца,ВРАЦА,Враца,бул. Демокрация 17 и 23,Д-Р АДРИЯН ИВАНОВ НИКОЛОВ,092/663060,бул. Демокрация 17 и 23,Враца,23,Демокрация,"бул. Демокрация 17 и 23, Враца, България",,,,,0
МЦ Света Елисавета -Раковски ЕООД,Пловдив,БРЕЗОВО,Брезово,ул. Георги Димитров 25,"Д-Р АНДРЕЙ ЙОЗОВ БАКЪРДЖИЙСКИ, ЕЛЕНА МИХАЙЛОВА ИВАНОВА, КИРИЛ ГЕНОВ КАРАГЕОРГИЕВ, ЕЛЕНА ПЕТРОВА КОЛАРОВА","03151/2429, 03151/2033",ул. Георги Димитров 25,Брезово,25,Георги Димитров,"ул. Георги Димитров 25, Брезово, България",,,,,0
МЦ Света Елисавета -Раковски ЕООД,Пловдив,РАКОВСКИ,Белозем,ул. Родопи 43 и,"Д-Р АНДРЕЙ ЙОЗОВ БАКЪРДЖИЙСКИ, ЕЛЕНА МИХАЙЛОВА ИВАНОВА, КИРИЛ ГЕНОВ КАРАГЕОРГИЕВ, ЕЛЕНА ПЕТРОВА КОЛАРОВА","03151/2429, 03151/2033",ул. Родопи 43 сутерен и,Белозем,,Родопи,"ул. Родопи 43 и, Белозем, България",,,,,0
МЦ-Ловеч ЕООД,Ловеч,ЛОВЕЧ,Ловеч,ул. С.Съев 27,"ИВЕЛИН ЦАНКОВ ЙОЦОВ, ПРАВДА ТРИФОНОВА ГЕНОВА-ПЕТКОВА, ДОНКА ПЕНЧЕВА МИНКОВА, ИЛИЯНА ПЕНЕВА КАЗАКОВА, АЛДИН ДОЧЕВ НАЧКОВ","068/667238, 0896717669, 0878792666, 0896717671, 0888465411",ул. С.Съев 27,Ловеч,27,С.Съев,"ул. С.Съев 27, Ловеч, България",,,,,0
МЦО РЕСБИОМЕД ЕООД,София (столица),СОФИЯ 03 рн ВЪЗРАЖДАНЕ,СОФИЯ 03 рн ВЪЗРАЖДАНЕ,ул. Алдомировска 144,АЛЕКСАНДЪР АНГЕЛОВ АНГЕЛОВ,070018484,ул. Алдомировска 144,СОФИЯ 03 рн ВЪЗРАЖДАНЕ,144,Алдомировска,"ул. Алдомировска 144, СОФИЯ 03 рн ВЪЗРАЖДАНЕ, България",,,,,0
НМТБ ЦАР БОРИС ІІІ СОФИЯ,София (столица),СОФИЯ 05 рн СЕРДИКА,СОФИЯ 05 рн СЕРДИКА,бул. Княгиня Мария Луиза 108 и 104,"НИКОЛАЙ ГЕОРГИЕВ ЧЕРВЕНЯКАВ, РАЙКО СТЕФАНОВ ЦВЕТКОВ, ПРОФ. Д-Р ХРИСТО ГЕОРГИЕВ ЦЕКОВ, ГЕОРГИ ЕДРЕВ ЕДРЕВ","02/8324055, 02/8323004",бул. Княгиня Мария Луиза 108 и 104,СОФИЯ 05 рн СЕРДИКА,104,Княгиня Мария Луиза,"бул. Княгиня Мария Луиза 108 и 104, СОФИЯ 05 рн СЕРДИКА, България",,,,,0
НСБФТР ЕАД СОФИЯ,София (столица),СОФИЯ 18 рн ОВЧА КУПЕЛ,СОФИЯ 18 рн ОВЧА КУПЕЛ,бул. Овча купел 2В,"Д-Р ЙОРДАН МЕТОДИЕВ ИВАНЧЕВ, ТАТЯНА ГАНЧЕВА АНГЕЛОВА, АНТОН ЕВГЕНИЕВ ЖИВКОВ, ГАЛИНА ПЕТКОВА ПАВЛОВА","02/9555273, 02/8555022",бул. Овча купел 2В,СОФИЯ 18 рн ОВЧА КУПЕЛ,2В,Овча купел,"бул. Овча купел 2В, СОФИЯ 18 рн ОВЧА КУПЕЛ, България",,,,,0
ОЧЕН МЦ ТРОШЕВ ООД,Стара Загора,СТАРА ЗАГОРА,Стара Загора,бул. Митрополит Методий Кусев 61,Д-Р СТАНИМИР ДЕНЧЕВ ТРОШЕВ,"0887552768, 042/630053",бул. Митрополит Методий Кусев 61,Стара Загора,61,Митрополит Методий Кусев,"бул. Митрополит Методий Кусев 61, Стара Загора, България",,,,,0
СБАЛ ГРЪБНАЧЕН ЦЕНТЪР АД,София (столица),СОФИЯ 05 рн СЕРДИКА,СОФИЯ 05 рн СЕРДИКА,бул. Ген. Николай Столетов 67А,"ЛЮБЧО ЦВЕТАНОВ ПЕНЕВ, Д-Р ДОБРОМИР ИЛИЕВ ИЛКОВСКИ, ДЕСИСЛАВА ИВАНОВА ЛЮБЕНОВА",0894515618,бул. Ген. Николай Столетов 67А,СОФИЯ 05 рн СЕРДИКА,67А,Ген. Николай Столетов,"бул. Ген. Николай Столетов 67А, СОФИЯ 05 рн СЕРДИКА, България",,,,,0
СБАЛ ГРЪБНАЧЕН ЦЕНТЪР АД,София (столица),СОФИЯ 10 рн ТРИАДИЦА,СОФИЯ 10 рн ТРИАДИЦА,ул. Св. Георги Софийски 3,"ЛЮБЧО ЦВЕТАНОВ ПЕНЕВ, Д-Р ДОБРОМИР ИЛИЕВ ИЛКОВСКИ, ДЕСИСЛАВА ИВАНОВА ЛЮБЕНОВА",0894515618,ул. Св. Георги Софийски 3,СОФИЯ 10 рн ТРИАДИЦА,3,Св. Георги Софийски,"ул. Св. Георги Софийски 3, СОФИЯ 10 рн ТРИАДИЦА, България",,,,,0
СБАЛ ЙОАН ПАВЕЛ ЕООД СОФИЯ,София (столица),СОФИЯ 05 рн СЕРДИКА,СОФИЯ 05 рн СЕРДИКА,бул. Ген. Столетов 67А,НЕБЕСНА ДИМИТРОВА БАЛДЖИЙСКА,02/8320044,бул. Ген. Столетов 67А,СОФИЯ 05 рн СЕРДИКА,67А,Ген. Столетов,"бул. Ген. Столетов 67А, СОФИЯ 05 рн СЕРДИКА, България",,,,,0
СБАЛ СВ. ЛАЗАР ООД СОФИЯ,София (столица),СОФИЯ 09 рн ЛОЗЕНЕЦ,СОФИЯ 09 рн ЛОЗЕНЕЦ,бул. Симеоновско шосе 4А,Д-Р ТИАНА ЛАЗАРОВА ДИМИТРИЕВА-НИКОЛОВА,02/9622005,бул. Симеоновско шосе 4А,СОФИЯ 09 рн ЛОЗЕНЕЦ,4А,Симеоновско шосе,"бул. Симеоновско шосе 4А, СОФИЯ 09 рн ЛОЗЕНЕЦ, България",,,,,0
СБАЛ СПЕЦИАЛ МЕДИК ООД,Пловдив,ПЛОВДИВ,Пловдив,пл. Понеделник пазар 5 крило Изток и крило Юг,Д-Р ИНА СТОЯНОВА ФИЛИПОВА,0884308925,пл. Понеделник пазар 5 крило Изток и крило Юг,Пловдив,,Понеделник пазар,"пл. Понеделник пазар 5 крило Изток и крило Юг, Пловдив, България",,,,,0
СБАЛАГ МАЙЧИН ДОМ ЕАД СОФИЯ,София (столица),СОФИЯ 10 рн ТРИАДИЦА,СОФИЯ 10 рн ТРИАДИЦА,ул. Здраве 2,"ПРОФ. ИВАН АТАНАСОВ КОСТОВ, Д-Р ВИКТОР БОРИСОВ ЗЛАТКОВ, Д-Р ДИМИТЪР МИТКОВ ДРАГИЕВ, МЕТОДИ ВАНГЕЛОВ ЯНКОВ, НИКОЛАЙ ИВАНОВ ДОГАНОВ","02/9172233, 02/8517291",ул. Здраве 2,СОФИЯ 10 рн ТРИАДИЦА,2,Здраве,"ул. Здраве 2, СОФИЯ 10 рн ТРИАДИЦА, България",,,,,0
СБАЛББ - СВ. ПАНТЕЛЕЙМОН ЕООД,Перник,ПЕРНИК,Перник,местност Голо бърдо,"АЛЕКСАНДЪР ПЕТРОВ АЛЕКСАНДРОВ, АСЕН ЙОРДАНОВ АСЕНОВ, ВЕЛИЧКА ГЕОРГИЕВА КАДИЙСКА, СИМЕОН ВАСИЛЕВ СИМЕОНОВ, АЛЕКСАНДЪР СТЕФАНОВ АЛЕКСИЕВ","0884999636, 0888252427, 0999115126, 0895525350, 0889035153",местност Голо бърдо,Перник,,местност Голо бърдо,"местност Голо бърдо, Перник, България",,,,,0
СБАЛГАР Д.Р МАЛИНОВ ООД СОФИЯ,София (столица),СОФИЯ 02 рн КРАСНО СЕЛО,СОФИЯ 02 рн КРАСНО СЕЛО,бул. Гоце Делчев 46,Д-Р МАКСИМ ЦАНКОВ МАЛИНОВ,02/9655711,бул. Гоце Делчев 46,СОФИЯ 02 рн КРАСНО СЕЛО,46,Гоце Делчев,"бул. Гоце Делчев 46, СОФИЯ 02 рн КРАСНО СЕЛО, България",,,,,0
СБАЛДБ ПРОФ. ИВАН МИТЕВ ЕАД СОФИЯ,София (столица),СОФИЯ 10 рн ТРИАДИЦА,СОФИЯ 10 рн ТРИАДИЦА,бул. Акад. Иван Гешов 11,"Д-Р МАРИЯ БОЖИДАРОВА ЕКИМОВА-ПЕНЕВА, ДИМИТЪР ЛЮБОМИРОВ РУСИНОВ, БЛАГОМИР НИКОЛАЕВ ЗДРАВКОВ",02/8154254,бул. Акад. Иван Гешов 11,СОФИЯ 10 рн ТРИАДИЦА,11,Акад. Иван Гешов,"бул. Акад. Иван Гешов 11, СОФИЯ 10 рн ТРИАДИЦА, България",,,,,0
СБАЛИПБ ПРОФ. ИВАН КИРОВ ЕАД СОФИЯ,София (столица),СОФИЯ 10 рн ТРИАДИЦА,СОФИЯ 10 рн ТРИАДИЦА,бул. Акад. Иван Гешов 17,"Д-Р ТОМА БОРИСОВ ТОМОВ, ПРОФ. Д-Р ТАТЯНА ПЕТРОВА ПЕНКОВА-ЧЕРВЕНЯКОВА",02/9402100,бул. Акад. Иван Гешов 17,СОФИЯ 10 рн ТРИАДИЦА,17,Акад. Иван Гешов,"бул. Акад. Иван Гешов 17, СОФИЯ 10 рн ТРИАДИЦА, България",,,,,0
СБАЛК - КАРДИОЛАЙФ ООД ВАРНА,Варна,ВАРНА,Варна,бул. Република Медицински център Младост бл. А,"Д-Р ТРАЯН БОТЕВ ЦВЕТКОВ, ЮЛИЯ БОРИСОВА МАКЕДОНСКА, СПАС НИКОЛОВ СПАСАВ, Д-Р ГАЛИНА ВИДОЛОВА БАЛАБАНОВА, Д-Р ВЛАДИСЛАВ ТОДОРИНОВ ПАКЕРОВ, ХАРАЛИН СТОЯНОВ ТУМБЕВ","052/460170, 052/460171, 052/460190, 052/460191, 0879487878",бул. Република Медицински център Младост бл. А,Варна,,Република Медицински център Младост,"бул. Република Медицински център Младост бл. А, Варна, България",,,,,0
СБАЛОБ ДЕН ЕООД СОФИЯ,София (столица),СОФИЯ 04 рн ОБОРИЩЕ,СОФИЯ 04 рн ОБОРИЩЕ,ул. Росица 21,ДОЦ. Д-Р АНДРЕЙ ДИМИТРОВ АНДРЕЕВ,"02/9832028, 02/9833800",ул. Росица 21,СОФИЯ 04 рн ОБОРИЩЕ,21,Росица,"ул. Росица 21, СОФИЯ 04 рн ОБОРИЩЕ, България",,,,,0
СБАЛОБ ЗОРА АД СОФИЯ,София (столица),СОФИЯ 05 рн СЕРДИКА,СОФИЯ 05 рн СЕРДИКА,бул. Княгиня Мария-Луиза 191,"ПРОФ. ИВА ТОДОРОВА ПЕТКОВА, РЕНЕТА ТОДОРОВА ПЕТКОВА, ДОЦ. Д-Р ЕВДОКИЯ ДИМИТРОВА ИЛИЕВА",02/9312281,бул. Княгиня Мария-Луиза 191,СОФИЯ 05 рн СЕРДИКА,191,Княгиня Мария-Луиза,"бул. Княгиня Мария-Луиза 191, СОФИЯ 05 рн СЕРДИКА, България",,,,,0
СБАЛОБ ЗОРА АД СОФИЯ,София (столица),СОФИЯ 15 рн МЛАДОСТ,СОФИЯ 15 рн МЛАДОСТ,ул. Петър Протич 4,"ПРОФ. ИВА ТОДОРОВА ПЕТКОВА, РЕНЕТА ТОДОРОВА ПЕТКОВА, ДОЦ. Д-Р ЕВДОКИЯ ДИМИТРОВА ИЛИЕВА",02/9312281,ул. Петър Протич 4,СОФИЯ 15 рн МЛАДОСТ,4,Петър Протич,"ул. Петър Протич 4, СОФИЯ 15 рн МЛАДОСТ, България",,,,,0
СБАЛОБ ЗРЕНИЕ ООД СОФИЯ,София (столица),СОФИЯ 09 рн ЛОЗЕНЕЦ,СОФИЯ 09 рн ЛОЗЕНЕЦ,бул. Джеймс Баучер 33,"ХРИСТИНА БЛАГОЕВА ХРИСТОВА, ВЕСЕЛИН ИВАНОВ ТАНЕВ, ПРОФ. Д-Р ПРАВОСЛАВА ЦОНЧЕВА ЧНЧУЛЕВА, ПРОФ. Д-Р ВЕСЕЛИН ИВАНОВ ТАНЕВ","02/9531582, 02/9531574",бул. Джеймс Баучер 33,СОФИЯ 09 рн ЛОЗЕНЕЦ,33,Джеймс Баучер,"бул. Джеймс Баучер 33, СОФИЯ 09 рн ЛОЗЕНЕЦ, България",,,,,0
СБАЛОБ ЗРЕНИЕ ООД СОФИЯ,София (столица),СОФИЯ 10 рн ТРИАДИЦА,СОФИЯ 10 рн ТРИАДИЦА,ул. Балша 5,"ХРИСТИНА БЛАГОЕВА ХРИСТОВА, ВЕСЕЛИН ИВАНОВ ТАНЕВ, ПРОФ. Д-Р ПРАВОСЛАВА ЦОНЧЕВА ЧНЧУЛЕВА, ПРОФ. Д-Р ВЕСЕЛИН ИВАНОВ ТАНЕВ","02/9531582, 02/9531574",ул. Балша 5,СОФИЯ 10 рн ТРИАДИЦА,5,Балша,"ул. Балша 5, СОФИЯ 10 рн ТРИАДИЦА, България",,,,,0
СБАЛОЗ ПРОФ. Д-Р МАРИН МУШМОВ ЕООД СОФИЯ,София (столица),СОФИЯ 15 рн МЛАДОСТ,СОФИЯ 15 рн МЛАДОСТ,бул. А. Сахаров 22,Д-Р БОРИСЛАВ ХАРАЛАМБИЕВ ДИМИТРОВ,02/9753950,бул. А. Сахаров 22,СОФИЯ 15 рн МЛАДОСТ,22,А. Сахаров,"бул. А. Сахаров 22, СОФИЯ 15 рн МЛАДОСТ, България",,,,,0
СБАЛОЗ КРИСТАЛ ООД СОФИЯ,София (столица),СОФИЯ 11 рн КРАСНА ПОЛЯНА,СОФИЯ 11 рн КРАСНА ПОЛЯНА,"ГР. СОФИЯ, Р-Н КРАСНА ПОЛЯНА, БУЛ. „АЛЕКСАНДЪР СТАМБОЛИЙСКИ“ 239",Д-Р ГЕОРГИ ИЛИЕВ ДОРМИШЕВ,"02/4200356, 02/4200234","ГР. СОФИЯ, Р-Н КРАСНА ПОЛЯНА, БУЛ. „АЛЕКСАНДЪР СТАМБОЛИЙСКИ“ 239",СОФИЯ 11 рн КРАСНА ПОЛЯНА,239,"ГР. СОФИЯ, Р-Н КРАСНА ПОЛЯНА, БУЛ. „АЛЕКСАНДЪР СТАМБОЛИЙСКИ“","ГР. СОФИЯ, Р-Н КРАСНА ПОЛЯНА, БУЛ. „АЛЕКСАНДЪР СТАМБОЛИЙСКИ“ 239, СОФИЯ 11 рн КРАСНА ПОЛЯНА, България",,,,,0
СБАЛОТ ВИТОША ЕООД СОФИЯ,София (столица),СОФИЯ 09 рн ЛОЗЕНЕЦ,СОФИЯ 09 рн ЛОЗЕНЕЦ,бул. Симеоновско шосе 108-Б,Д-Р ОРЛИН БОРИСОВ ФИЛИПОВ,9622292,бул. Симеоновско шосе 108-Б,СОФИЯ 09 рн ЛОЗЕНЕЦ,,Симеоновско шосе,"бул. Симеоновско шосе 108-Б, СОФИЯ 09 рн ЛОЗЕНЕЦ, България",,,,,0
СБАЛПФЗ Враца ЕООД,Враца,ВРАЦА,Враца,"ул. ""Генерал Леонов""93","Д-Р КОСТАДИН НИКИФОРОВ ШАХОВ, Д-Р МАРИЯНА СТОЯНОВА МАРКОВА","0878987223, 0876987223, 092/623564, 092/666117","ул. ""Генерал Леонов""93",Враца,93,"""Генерал Леонов""93","ул. ""Генерал Леонов""93, Враца, България",,,,,0
СБАЛТОСМ ПРОФ. Д-Р ДИМИТЪР ШОЙЛЕВ ЕАД СОФИЯ,София (столица),СОФИЯ 08 рн ИЗГРЕВ,СОФИЯ 08 рн ИЗГРЕВ,"жк Дианабат, ул. Никола Габровски 1","ГЕОРГИ АЛЕКСАНДРОВ ДАМЯНОВ, ТАНЯ МАРИНОВА РУСЕВА-КОЛЕВА","02/962045, 0888871888, 02/8621133","жк Дианабат, ул. Никола Габровски 1",СОФИЯ 08 рн ИЗГРЕВ,1,"Дианабат, ул. Никола Габровски","жк Дианабат, ул. Никола Габровски 1, СОФИЯ 08 рн ИЗГРЕВ, България",,,,,0
СБАЛХЗ ЕАД СОФИЯ,София (столица),СОФИЯ 01 рн СРЕДЕЦ; СОФИЯ 16 рн СТУДЕНТСКИ,СОФИЯ 01 рн СРЕДЕЦ; СОФИЯ 16 рн СТУДЕНТСКИ,"ул. Пловдивско поле 6; Бул. ""Климент Охридски"" 1А","Д-Р НИНА АНГЕЛОВА РЪСИНА, АНДРЕЙ АНГЕЛОВ АНДРЕЕВ, ПРОФ. Д-Р СТАВРИ АСЕНОВ ТОШКОВ, ПРОФ. Д-Р ГЕОРГИ ГЕОРГИЕВ МИХАЙЛОВ, ДОЦ. Д-Р МИМОЗА ЦВЕТАНОВА СТАНЕВА, ДОЦ. Д-Р БРАНИМИР ВЛАДИМИРОВ СПАСОВ, Д-Р ГАЛЯ ГЕОРГИЕВА КОНДЕВА-МЪНКОВА","9701104, 9701105","ул. Пловдивско поле 6; Бул. ""Климент Охридски"" 1А",СОФИЯ 01 рн СРЕДЕЦ; СОФИЯ 16 рн СТУДЕНТСКИ,1А,Пловдивско поле,"ул. Пловдивско поле 6; Бул. ""Климент Охридски"" 1А, СОФИЯ 01 рн СРЕДЕЦ; СОФИЯ 16 рн СТУДЕНТСКИ, България",,,,,0
СБПЛР БУХОВО ЕООД СОФИЯ,София (столица),СОФИЯ 22 рн КРЕМИКОВЦИ,СОФИЯ 22 рн КРЕМИКОВЦИ,"гр. Бухово ул. ""Стефан и Велко"" 2",Д-Р ДОРА ДИМИТРОВА ВЕЛЕВА,9942320,"гр. Бухово ул. ""Стефан и Велко"" 2",СОФИЯ 22 рн КРЕМИКОВЦИ,2,"гр. Бухово ул. ""Стефан и Велко""","гр. Бухово ул. ""Стефан и Велко"" 2, СОФИЯ 22 рн КРЕМИКОВЦИ, България",,,,,0
СБПЛР КРЕМИКОВЦИ ЕООД СОФИЯ,София (столица),СОФИЯ 22 рн КРЕМИКОВЦИ,СОФИЯ 22 рн КРЕМИКОВЦИ,кв. Ботунец ул. В. Левски 2,"Д-Р ЦВЕТАНКА ХРИСТОВА ЗАФИРОВА, АНДРЕЙ ИВАНОВ АНДРЕЕВ","9943676, 9943319",кв. Ботунец ул. В. Левски 2,СОФИЯ 22 рн КРЕМИКОВЦИ,2,кв. Ботунец ул. В. Левски,"кв. Ботунец ул. В. Левски 2, СОФИЯ 22 рн КРЕМИКОВЦИ, България",,,,,0
СБПЛР ПАНЧАРЕВО ЕООД СОФИЯ,София (столица),СОФИЯ 23 рн ПАНЧАРЕВО,СОФИЯ 23 рн ПАНЧАРЕВО,"кв. Панчарево, ул. Кокалянско ханче 1","Д-Р АНДРЕЙ ИВАНОВ АНДРЕЕВ, ИВАН АСЕНОВ МАТЕЕВ, КРУМ ТОМОВ ТОМОВ","9923170, 9924331","кв. Панчарево, ул. Кокалянско ханче 1",СОФИЯ 23 рн ПАНЧАРЕВО,1,"кв. Панчарево, ул. Кокалянско ханче","кв. Панчарево, ул. Кокалянско ханче 1, СОФИЯ 23 рн ПАНЧАРЕВО, България",,,,,0
СБПЛРПФЗ Света Петка Българска ЕООД,Пазарджик,ВЕЛИНГРАД,Велинград,"местност ""4-ти километър""; 4-ти километър 91","ЦВЕТАН ИЛИЕВ ДАФОВ, ЕЛЕНА МИТКОВА ШОПОВА","0359/53273, 0359/53276, 0359/52243","местност ""4-ти километър""; 4-ти километър 91",Велинград,91,"местност ""4-ти километър"";","местност ""4-ти километър""; 4-ти километър 91, Велинград, България",,,,,0
СБР Медика - Албена ЕООД,Добрич,БАЛЧИК,"Оброчище, Албена",Сградата на медицински център,"ПРОФ. Д-Р ДИМИТРИЧКА ДУЧЕВА БЛИЗНАКОВА, Д-Р МИГЛЕНА СТЕФАНОВА КОЖУХАРОВА, ГАЛИНА ПЕТКОВА ПАВЛОВА, ПРОФ. Д-Р ЕНЧО КАЛЧЕВ СЪБЕВ","0887714763, 0888376863, 0878123321, 0887366652",Сградата на медицински център,"Оброчище, Албена",,Сградата на медицински център,"Сградата на медицински център, Оброчище, Албена, България",,,,,0
СБР Света Богородица ЕООД Нареченски бани,Пловдив,АСЕНОВГРАД,Нареченски Бани,ул. Панорама 8,Д-Р АТАНАС БЛАГОЕВ ТИЛЕВ,"03342/2212, 03342/2243",ул. Панорама 8,Нареченски Бани,8,Панорама,"ул. Панорама 8, Нареченски Бани, България",,,,,0
СБР - ВАРНА АД,Варна,ВАРНА,Варна,"К.К. ""ЗЛАТНИ ПЯСЪЦИ"", СПИРКА ""ЖУРНАЛИСТ""",Д-Р ЦВЕТАНА АНГЕЛОВА ДИНКОВА,052/355583,"К.К. ""ЗЛАТНИ ПЯСЪЦИ"", СПИРКА ""ЖУРНАЛИСТ""",Варна,,"К.К. ""ЗЛАТНИ ПЯСЪЦИ"", СПИРКА ""ЖУРНАЛИСТ""","К.К. ""ЗЛАТНИ ПЯСЪЦИ"", СПИРКА ""ЖУРНАЛИСТ"", Варна, България",,,,,0
СБР - САПАРЕВА БАНЯ АД,Кюстендил,САПАРЕВА БАНЯ,Сапарева Баня,ул. Серафим Йорданов 1,"Д-Р НИКОЛАЙ СТОЯНОВ КРЪСТЕВ, Д-Р ГЕОРГИ ЖЕЛЕВ АВРАМОВ",0707/22362,ул. Серафим Йорданов 1,Сапарева Баня,1,Серафим Йорданов,"ул. Серафим Йорданов 1, Сапарева Баня, България",,,,,0
СБР БАНКЯ АД СОФИЯ,София (столица),СОФИЯ 24 рн БАНКЯ,СОФИЯ 24 рн БАНКЯ,"гр. Банкя, ул. Шейново 8","Д-Р НИКОЛАЙ СТОЯНОВ КРЪСТЕВ, ПЕТЯ МИЛЕНОВА ГЕНКОВА, ГЕОРГИ ЖЕЛЕВ АВРАМОВ","9977265, 9977244","гр. Банкя, ул. Шейново 8",СОФИЯ 24 рн БАНКЯ,8,"гр. Банкя, ул. Шейново","гр. Банкя, ул. Шейново 8, СОФИЯ 24 рн БАНКЯ, България",,,,,0
СБР ДЦП СВ. СОФИЯ ЕООД СОФИЯ,София (столица),СОФИЯ 11 рн КРАСНА ПОЛЯНА,СОФИЯ 11 рн КРАСНА ПОЛЯНА,БУЛ. ВЪЗКРЕСЕНИЕ 1В,ДОЦ Д-Р ИВАН ДИМИТРОВ ЧАВДАРОВ,8284881,БУЛ. ВЪЗКРЕСЕНИЕ 1В,СОФИЯ 11 рн КРАСНА ПОЛЯНА,1В,ВЪЗКРЕСЕНИЕ,"БУЛ. ВЪЗКРЕСЕНИЕ 1В, СОФИЯ 11 рн КРАСНА ПОЛЯНА, България",,,,,0
СБР ЗДРАВЕ ЕАД,София (столица),СОФИЯ 24 рн БАНКЯ,СОФИЯ 24 рн БАНКЯ,"гр. Банкя, ул. Г. С. Раковски 15","Д-Р ВИОЛЕТА КОСТАДИНОВА ВЕЛИЧКОВА, ГЕОРГИ САМУИЛОВ ВАСИЛЕВ, ПРОФ. Д-Р ДИМИТЪР РАДКОВ РАДЕНОВСКИ","9977231, 9977383","гр. Банкя, ул. Г. С. Раковски 15",СОФИЯ 24 рн БАНКЯ,15,"гр. Банкя, ул. Г. С. Раковски","гр. Банкя, ул. Г. С. Раковски 15, СОФИЯ 24 рн БАНКЯ, България",,,,,0
СБР НК ЕАД филиал Хисар,Пловдив,ХИСАРЯ,Хисаря,бул. “Гурко” 2,"ВЕЛИЧКА НИКОЛОВА ШОПОВА, МАРИАНА БОТЕВА ТЕРЗИЙСКА, СВЕТИЯ ЙОРДАНОВ ТУЖАРОВ, ИВАН ДОНЧЕВ ДОНЧЕВ","0882805523, 03762046",бул. “Гурко” 2,Хисаря,2,“Гурко”,"бул. “Гурко” 2, Хисаря, България",,,,,0
СБР НК ЕАД Св. Мина Вършец,Монтана,ВЪРШЕЦ,Вършец,Паркова зона,"БОРЯНА ТОДОРОВА БОНЧЕВА-ЛЕЧЕВА, Д-Р АЛЕКСАНДЪР ИВАНОВ СЕМКОВ, Д-Р ЧЕНКО ХРИСТОВ ЧАЛЪКОВ",09527/2258,Паркова зона,Вършец,,Паркова зона,"Паркова зона, Вършец, България",,,,,0
СБР НК ЕАД Филиал Сандански,Благоевград,САНДАНСКИ,Сандански,УЛ. ПОЛК. ДРАНГОВ 1,СТЕФКА КОСТАДИНОВА ИВАНОВА,"0746/30833, 0746/32419",УЛ. ПОЛК. ДРАНГОВ 1,Сандански,1,ПОЛК. ДРАНГОВ,"УЛ. ПОЛК. ДРАНГОВ 1, Сандански, България",,,,,0
СБР НК ЕАД филиал Нареченски бани,Пловдив,АСЕНОВГРАД,Нареченски Бани,ул. „Родопи“ 1,"Д-Р АТАНАС ЛЮБОМИРОВ БУЧКОВ, ДАНКА МЕТОДИЕВА ПОПОВА",033422224,ул. „Родопи“ 1,Нареченски Бани,1,„Родопи“,"ул. „Родопи“ 1, Нареченски Бани, България",,,,,0
СБР Света Елена 1 ООД,Варна,ВАРНА,Варна,"к.к. „Св. Св. Константин и Елена”, х-л „Света Елена”, ул. „1” 82",ПРОФ. Д-Р ПЕТКО ПЕНКОВ МАРИНОВ Д.М.,"0889515100, 0899982700","к.к. „Св. Св. Константин и Елена”, х-л „Света Елена”, ул. „1” 82",Варна,82,"к.к. „Св. Св. Константин и Елена”, х-л „Света Елена”, ул. „1”","к.к. „Св. Св. Константин и Елена”, х-л „Света Елена”, ул. „1” 82, Варна, България",,,,,0
СБР по физикална и рехабилитационна медицина Димина ООД Вонеща вода,Велико Търново,ВЕЛИКО ТЪРНОВО,Вонеща Вода,ул. Първа 1,"СВЕТЛИН ДИМИТРОВ РАДЕВ, ЧЕНКО ХРИСТОВ ЧАЛЪКОВ, ДОЦ. Д-Р АНТОН СТОЯНОВ САВОВ, Д-Р ЧЕНКО ХРИСТОВ ЧАЛЪКОВ, СЪБИНА СЪБЕВА СЪБЕВА","0889528640, 0879382690, 0896407717, 061182300, 0887805378",ул. Първа 1,Вонеща Вода,1,Първа,"ул. Първа 1, Вонеща Вода, България",,,,,0
СБР-Витус ЕООД,Пловдив,ХИСАРЯ,Хисаря,ул. Ал.Стамболийски 21,Д-Р ЧЕНКО ХРИСТОВ ЧАЛЪКОВ,0887305586,ул. Ал.Стамболийски 21,Хисаря,21,Ал.Стамболийски,"ул. Ал.Стамболийски 21, Хисаря, България",,,,,0
СГЕБАЛ Еврохоспитал ООД Пловдив,Пловдив,ПЛОВДИВ,Пловдив,"ул. “Колхида” – продължение, МТБ, бл""Ж""","ВАСИЛ ВАСИЛЕВ АНГЕЛОВ, Д-Р ПЕЙО АЛЕКСАНДРОВ ТУХЧИЕВ, ГЕОРГИ ЮРИЕВ ТОШЕВ, ВЕНЦЕСЛАВ ГЕОРГИЕВ ДЖУРКОВ","032/676367, 032/674142","ул. “Колхида” – продължение, МТБ, бл""Ж""",Пловдив,,"“Колхида” – продължение, МТБ, бл""Ж""","ул. “Колхида” – продължение, МТБ, бл""Ж"", Пловдив, България",,,,,0
СОБАЛ АКАД. ПАШЕВ EООД СОФИЯ,София (столица),СОФИЯ 06 рн ПОДУЯНЕ,СОФИЯ 06 рн ПОДУЯНЕ,ул. „Емануил Васкидович” 51,"Д-Р ДАНИЕЛА ПЕТРОВА МИРКОВСКА, АКАД. Д-Р ПЕТЯ ИВАНОВА ВАСИЛЕВА","9487901, 9487931",ул. „Емануил Васкидович” 51,СОФИЯ 06 рн ПОДУЯНЕ,51,„Емануил Васкидович”,"ул. „Емануил Васкидович” 51, СОФИЯ 06 рн ПОДУЯНЕ, България",,,,,0
СОБАЛ ВИЖЪН ЕООД,София (столица),СОФИЯ 02 рн КРАСНО СЕЛО,СОФИЯ 02 рн КРАСНО СЕЛО,"ул. Виктор Григорович 8, район Искър, бул. Проф.Цветан Лазаров 86","ЕЛЕНА НЕЙЧЕВА КУМБИЕВА, Д-Р ЕЛЕНА АТАНАСОВА ДАРДЖИКОВА И ЕЛЕНА НЕЙЧЕВА КУМБИЕВА - ЗАЕДНО",9515037,"ул. Виктор Григорович 8, район Искър, бул. Проф.Цветан Лазаров 86",СОФИЯ 02 рн КРАСНО СЕЛО,86,Виктор Григорович,"ул. Виктор Григорович 8, район Искър, бул. Проф.Цветан Лазаров 86, СОФИЯ 02 рн КРАСНО СЕЛО, България",,,,,0
СОБАЛ ВИЗУС ЕООД СОФИЯ,София (столица),СОФИЯ 17 рн ВИТОША,СОФИЯ 17 рн ВИТОША,ул. Миле Попйорданов 18,"ВИОЛЕТА СИЛВИ ЧЕРНОДРИНСКА, Д-Р ГЕНОВЕВА ИВАНОВА АЛЕКСИЕВА, ДОЦ.Д-Р ВИОЛЕТА СИЛВИ ЧЕРНОДРИНСКА","8576936, 8576937",ул. Миле Попйорданов 18,СОФИЯ 17 рн ВИТОША,18,Миле Попйорданов,"ул. Миле Попйорданов 18, СОФИЯ 17 рн ВИТОША, България",,,,,0
СОБАЛ ПЕНТАГРАМ ЕООД СОФИЯ,София (столица),СОФИЯ 03 рн ВЪЗРАЖДАНЕ; СОФИЯ 12 рн ИЛИНДЕН,СОФИЯ 03 рн ВЪЗРАЖДАНЕ; СОФИЯ 12 рн ИЛИНДЕН,"ГР. СОФИЯ, УЛ. ""ДИМИТЪР ПЕТКОВ"" 11; ул. Враня 109-111, секция “Б”",Д-Р ВЕСЕЛИН ТОДОРОВ ДАСКАЛОВ,"02/4472040, 0887777465","ГР. СОФИЯ, УЛ. ""ДИМИТЪР ПЕТКОВ"" 11; ул. Враня 109-111, секция “Б”",СОФИЯ 03 рн ВЪЗРАЖДАНЕ; СОФИЯ 12 рн ИЛИНДЕН,,"ГР. СОФИЯ, УЛ. ""ДИМИТЪР ПЕТКОВ""","ГР. СОФИЯ, УЛ. ""ДИМИТЪР ПЕТКОВ"" 11; ул. Враня 109-111, секция “Б”, СОФИЯ 03 рн ВЪЗРАЖДАНЕ; СОФИЯ 12 рн ИЛИНДЕН, България",,,,,0
СОБАЛ Ралчовски ЕООД Враца,Враца,ВРАЦА,Враца,"бул. ""Демокрация"" 14, ; ул. ""Вежен"" 2А",ПЕТЪР НИКОЛОВ НИКОЛОВ,"092/621102, 0888/889757","бул. ""Демокрация"" 14, ; ул. ""Вежен"" 2А",Враца,2А,"""Демокрация""","бул. ""Демокрация"" 14, ; ул. ""Вежен"" 2А, Враца, България",,,,,0
СХБАЛ Амброаз Паре ООД,Сливен,СЛИВЕН,Сливен,"кв. Даме Груев, бул. Хаджи Димитър 68","Д-Р НИКОЛАЙ КОНСТАНТИНОВ КОНСУЛОВ, Д-Р ВЕСЕЛИН ПАСКОВ ВАСИЛЕВ","044/662524, 044/662668","кв. Даме Груев, бул. Хаджи Димитър 68",Сливен,68,"кв. Даме Груев, бул. Хаджи Димитър","кв. Даме Груев, бул. Хаджи Димитър 68, Сливен, България",,,,,0
Специализирана Болница за Активно Лечение на Очни Болести ПРОСПЕРИТАСООД,София (столица),СОФИЯ 10 рн ТРИАДИЦА,СОФИЯ 10 рн ТРИАДИЦА,"кв. „Триадица“, ул. „Неофит Рилски“ 7",ВЕСЕЛИН ИВАНОВ ТАНЕВ,,"кв. „Триадица“, ул. „Неофит Рилски“ 7",СОФИЯ 10 рн ТРИАДИЦА,7,"кв. „Триадица“, ул. „Неофит Рилски“","кв. „Триадица“, ул. „Неофит Рилски“ 7, СОФИЯ 10 рн ТРИАДИЦА, България",,,,,0
УМБАЛ АЛЕКСАНДРОВСКА ЕАД СОФИЯ,София (столица),СОФИЯ 10 рн ТРИАДИЦА,СОФИЯ 10 рн ТРИАДИЦА,"ул. ""Св. Георги Софийски"" 1","АСЕН АТАНАСОВ ЗЛАТЕВ, ПРОФ.Д-Р ЛЪЧЕЗАР ДИНКОВ ТРАЙКОВ, ДОЦ. Д-Р КОСТАДИН ГЕОРГИЕВ АНГЕЛОВ, ДМ, ПРОФ.Д-Р БОРИС ИЛИЕВ БОГОВ, ДОЦ. Д-Р ДИМИТЪР ИВАНОВ БУЛАНОВ, АТАНАС ГЕОРГИЕВ АТАНАСОВ, ПРОФ. Д-Р АТАНАС СТЕФАНОВ ЙОНКОВ","92030810, 9230646","ул. ""Св. Георги Софийски"" 1",СОФИЯ 10 рн ТРИАДИЦА,1,"""Св. Георги Софийски""","ул. ""Св. Георги Софийски"" 1, СОФИЯ 10 рн ТРИАДИЦА, България",,,,,0
УМБАЛ Пълмед ООД,Пловдив,ПЛОВДИВ,Пловдив,р-н Западен ул. ПЕРУЩИЦА 1А,"СТОИЛ ГЕОРГИЕВ АПОСТОЛОВ, ЙОРДАН ЛЮБЕНОВ ПЕЛЕВ, ИВАН ЯНЧЕВ МАДЖАРОВ, Д-Р ЙОРДАН ЛЮБЕНОВ ПЕЛЕВ",032/607300,р-н Западен ул. ПЕРУЩИЦА 1А,Пловдив,1А,р-н Западен ул. ПЕРУЩИЦА,"р-н Западен ул. ПЕРУЩИЦА 1А, Пловдив, България",,,,,0
УМБАЛ СВ. ИВАН РИЛСКИ ЕАД СОФИЯ,София (столица),СОФИЯ 10 рн ТРИАДИЦА,СОФИЯ 10 рн ТРИАДИЦА,"р-н Триадица бул. ""Акад. Ив. Гешов"" 15","НИКОЛАЙ РУМЕНОВ СТОИЛОВ, Д-Р РУМЕН МАЛИНОВ СТОИЛОВ, Д-Р ДЕЧО ПЕТРОВ ДЕЧЕВ, МАРИЕТА РАЙКОВА ЙОТИНСКА, Д-Р АНТОН ПЕТКОВ ПЕТКОВ","9521532, 9522018","р-н Триадица бул. ""Акад. Ив. Гешов"" 15",СОФИЯ 10 рн ТРИАДИЦА,15,"р-н Триадица бул. ""Акад. Ив. Гешов""","р-н Триадица бул. ""Акад. Ив. Гешов"" 15, СОФИЯ 10 рн ТРИАДИЦА, България",,,,,0
УМБАЛ СОФИЯМЕД ООД,София (столица),СОФИЯ 08 рн ИЗГРЕВ; СОФИЯ 15 рн МЛАДОСТ,СОФИЯ 08 рн ИЗГРЕВ; СОФИЯ 15 рн МЛАДОСТ,"бул. ”Г.М.Димитров” 16; ул. ""Димитър Моллов"" 10, бул. „Джавахарлал Неру“ 23 и ул. „Ганчо Ганчев“ 1","Д-Р ЙОРДАН ЛЮБЕНОВ ПЕЛЕВ, Д-Р БОЙКО МАРИНОВ ПЕНКОВ, Д-Р МИХАИЛ КИРИЛОВ ЗОРТЕВ, Д-Р ЕВГЕНИЙ ЖЕЛЕВ ЖЕЛЕВ",0893333399,"бул. ”Г.М.Димитров” 16; ул. ""Димитър Моллов"" 10, бул. „Джавахарлал Неру“ 23 и ул. „Ганчо Ганчев“ 1",СОФИЯ 08 рн ИЗГРЕВ; СОФИЯ 15 рн МЛАДОСТ,1,”Г.М.Димитров”,"бул. ”Г.М.Димитров” 16; ул. ""Димитър Моллов"" 10, бул. „Джавахарлал Неру“ 23 и ул. „Ганчо Ганчев“ 1, СОФИЯ 08 рн ИЗГРЕВ; СОФИЯ 15 рн МЛАДОСТ, България",,,,,0
УМБАЛ ЦАРИЦА ЙОАННА-ИСУЛ ЕАД СОФИЯ,София (столица),СОФИЯ 04 рн ОБОРИЩЕ,СОФИЯ 04 рн ОБОРИЩЕ,"ул. ""Бяло море"" 8","ЛЮБОМИР ЛЮБЧОВ ПЕНЕВ, БОЙКО ГЕОРГИЕВ КОРУКОВ, ДОЦ. Д-Р ГРИГОРИЙ ИВАНОВ НЕДЕЛКОВ",9432121,"ул. ""Бяло море"" 8",СОФИЯ 04 рн ОБОРИЩЕ,8,"""Бяло море""","ул. ""Бяло море"" 8, СОФИЯ 04 рн ОБОРИЩЕ, България",,,,,0
УМБАЛ „СВЕТА ЕКАТЕРИНА“ ЕАД,София (столица),СОФИЯ 10 рн ТРИАДИЦА; СОФИЯ 12 рн ИЛИНДЕН,СОФИЯ 10 рн ТРИАДИЦА; СОФИЯ 12 рн ИЛИНДЕН,"р-н Триадица бул. ""Пенчо Славейков"" 52 А; ул. Коньовица 65","ДИМИТЪР ГЕОРГИЕВ ПЕТКОВ, ПРОФ. Д-Р ГЕНЧО КРЪСТЕВ НАЧЕВ, НИКОЛАЙ ГРИГОРОВ ДИМИТРОВ, ВАЛЕНТИН СТЕФАНОВ ГОВЕДАРСКИ","070012131, 029059404","р-н Триадица бул. ""Пенчо Славейков"" 52 А; ул. Коньовица 65",СОФИЯ 10 рн ТРИАДИЦА; СОФИЯ 12 рн ИЛИНДЕН,65,"р-н Триадица бул. ""Пенчо Славейков""","р-н Триадица бул. ""Пенчо Славейков"" 52 А; ул. Коньовица 65, СОФИЯ 10 рн ТРИАДИЦА; СОФИЯ 12 рн ИЛИНДЕН, България",,,,,0
УМБАЛСМ Н.И. ПИРОГОВ ЕАД СОФИЯ,София (столица),СОФИЯ 02 рн КРАСНО СЕЛО,СОФИЯ 02 рн КРАСНО СЕЛО,"р-н Красно село бул. ""Тотлебен"" 21","ВАЛЕНТИН ДИМИТРОВ ДИМИТРОВ, Д-Р СПАС НИКОЛОВ СПАСКОВ, ПРОФ.Д-Р ДИМИТЪР РАДКОВ РАДЕНОВСКИ, ДОЦ. Д-Р СТОЯН ГЕОРГИЕВ МИЛАНОВ, ПРОФ.Д-Р АСЕН ГЕОРГИЕВ БАЛТОВ, ИВАН ГЕОРГИЕВ ПОРОМАНСКИ",02/9154290,"р-н Красно село бул. ""Тотлебен"" 21",СОФИЯ 02 рн КРАСНО СЕЛО,21,"р-н Красно село бул. ""Тотлебен""","р-н Красно село бул. ""Тотлебен"" 21, СОФИЯ 02 рн КРАСНО СЕЛО, България",,,,,0
УНИВЕРСИТЕТСКА І МБАЛ СОФИЯ СВ. ЙОАН КРЪСТИТЕЛ ЕАД,София (столица),СОФИЯ 01 рн СРЕДЕЦ,СОФИЯ 01 рн СРЕДЕЦ,"р-н ""Средец"", бул. ""Патриарх Евтимий"" 37","АННА МИЛЧЕВА ЛЕЧЕВА, Д-Р МИХАИЛ НЕНОВ НИКОЛОВСКИ, ПРОФ. Д-Р ЦВЕТОМИР ИВАНОВ ДИМИТРОВ",8059203,"р-н ""Средец"", бул. ""Патриарх Евтимий"" 37",СОФИЯ 01 рн СРЕДЕЦ,37,"р-н ""Средец"", бул. ""Патриарх Евтимий""","р-н ""Средец"", бул. ""Патриарх Евтимий"" 37, СОФИЯ 01 рн СРЕДЕЦ, България",,,,,0
УСБАЛЕ АКАД.ИВАН ПЕНЧЕВ ЕАД СОФИЯ,София (столица),СОФИЯ 10 рн ТРИАДИЦА,СОФИЯ 10 рн ТРИАДИЦА,"ул. ""Здраве"" 2","МАРИЯ МИТКОВА ОРБЕЦОВА, ПРОФ. Д-Р САБИНА ЗАХАРИЕВА ЗАХАРИЕВА",8181500,"ул. ""Здраве"" 2",СОФИЯ 10 рн ТРИАДИЦА,2,"""Здраве""","ул. ""Здраве"" 2, СОФИЯ 10 рн ТРИАДИЦА, България",,,,,0
УСБАЛО ПРОФ. БОЙЧО БОЙЧЕВ ЕАД СОФИЯ,София (столица),СОФИЯ 18 рн ОВЧА КУПЕЛ,СОФИЯ 18 рн ОВЧА КУПЕЛ,бул. Никола Петков 56,"ВАЛЕНТИН НИКОЛОВ АНГЕЛОВ, ЕВГЕНИЙ ЛЮЦКАНОВ МЕДНИКАРОВ, Д-Р БОЯН БОЯНОВ ХРИСТОВ",8181500,бул. Никола Петков 56,СОФИЯ 18 рн ОВЧА КУПЕЛ,56,Никола Петков,"бул. Никола Петков 56, СОФИЯ 18 рн ОВЧА КУПЕЛ, България",,,,,0
УСБАЛО Проф. Иван Черноземски''ЕАД СОФИЯ,София (столица),СОФИЯ 16 рн СТУДЕНТСКИ,СОФИЯ 16 рн СТУДЕНТСКИ,ул. Пловдивско поле 6,"ДОЦ. Д-Р ДИМИТЪР ВЪЛЧИНОВ ДИМИТРОВ, Д.М., СТРАШИМИР ИВАНОВ КАРАНОВ, ДОЦ. Д-Р ЗДРАВКА ГЪРДЕВА ВАСИЛЕВА-ВАЛЕРИАНОВА, Д-Р ПЕТРАНКА ПЕТРОВА КЪНЕВА-ТРОЯНОВА, Д-Р МИХАИЛ ИВАНОВ ШИНДОВ, Д-Р ВАЛЕНТИН НИКОЛОВ АНГЕЛОВ, ПРОФ. Д-Р ПАНАЙОТ ФОТЕВ КУРТЕВ, Д-Р СТЕФАН КОНСТАНТИНОВ КОНСТАНТИНОВ, ПАНАЙОТ ФОТЕВ КУРТЕВ, ВЛАДИМИР ВАСЕВ ДАСКАЛОВ",8076299,ул. Пловдивско поле 6,СОФИЯ 16 рн СТУДЕНТСКИ,6,Пловдивско поле,"ул. Пловдивско поле 6, СОФИЯ 16 рн СТУДЕНТСКИ, България",,,,,0
ЦКВЗ Пловдив ЕООД,Пловдив,ПЛОВДИВ,Пловдив,"р-н „Южен“, ул. „Даме Груев“ 1а","Д-Р БОЯН БРАНКОВ КОСТОВ, ЕЛЕНА ДИМИТРОВА ДЯКОВА, СТОЯН ДИМИТРОВ ШУМАНОВ",032606535,"р-н „Южен“, ул. „Даме Груев“ 1а",Пловдив,1а,"р-н „Южен“, ул. „Даме Груев“","р-н „Южен“, ул. „Даме Груев“ 1а, Пловдив, България",,,,,0
ЦПЗ ПРОФ Н ШИПКОВЕНСКИ ЕООД,София (столица),СОФИЯ 04 рн ОБОРИЩЕ,СОФИЯ 04 рн ОБОРИЩЕ,"Р-Н ""ОБОРИЩЕ"", УЛ. ""ЕКЗАРХ ЙОСИФ"" 59","АНА ДИМИТРОВА ПОПОВА-ВЪРБАНОВА, ГЪЛЪБИНА ПЕТРОВА ТАРАШОЕВА","9816061, 9818166","Р-Н ""ОБОРИЩЕ"", УЛ. ""ЕКЗАРХ ЙОСИФ"" 59",СОФИЯ 04 рн ОБОРИЩЕ,59,"Р-Н ""ОБОРИЩЕ"", УЛ. ""ЕКЗАРХ ЙОСИФ""","Р-Н ""ОБОРИЩЕ"", УЛ. ""ЕКЗАРХ ЙОСИФ"" 59, СОФИЯ 04 рн ОБОРИЩЕ, България",,,,,0
ЮЗБ,Благоевград,ПЕТРИЧ; САНДАНСКИ,Петрич; Сандански,УЛ. РОКФЕЛЕР 52; ПАРКОВА ЗОНА; УЛ. СВОБОДА 1,ИЛИЯ СТОЯНОВ ТОНЕВ,"074/201016, 074/201047","УЛ. РОКФЕЛЕР 52; ПАРКОВА ЗОНА; УЛ. СВОБОДА 1, ",Петрич; Сандански,1,РОКФЕЛЕР,"УЛ. РОКФЕЛЕР 52; ПАРКОВА ЗОНА; УЛ. СВОБОДА 1, Петрич; Сандански, България",,,,,0
“СПЕЦИАЛИЗИРАНА БОЛНИЦА ЗА АКТИВНО ЛЕЧЕНИЕ ПО КАРДИОЛОГИЯ” ЕАД,Плевен,ПЛЕВЕН,Плевен,"ул. ""Ген. Вл. Вазов"" 91-II кл. база; ул. ""Пиер Кюри"" 2","ДАНИЕЛА ДИМИТРОВА МАКАВЕЕВА, МЛАДЕН ВЛАДИМИРОВ ГРИГОРОВ, СОТИР ТОДОРОВ МАРЧЕВ, Д-Р ВАЛЕНТИН ВЕНЦИСЛАВОВ ХРИСТОВ, ПРОФ.Д-Р НИКОЛАЙ ГРИГОРОВ ДИМИТРОВ","064/804480, 064/884480","ул. ""Ген. Вл. Вазов"" 91-II кл. база; ул. ""Пиер Кюри"" 2",Плевен,2,"""Ген. Вл. Вазов""","ул. ""Ген. Вл. Вазов"" 91-II кл. база; ул. ""Пиер Кюри"" 2, Плевен, България",,,,,0
„ДИАЛИЗЕН ЦЕНТЪР – ДРУЖБА“ ООД,София (столица),СОФИЯ 14 рн ИСКЪР,СОФИЯ 14 рн ИСКЪР,"Гр. София, ул. ""Искърско шосе"" 19",Д-Р НИКОЛАЙ ГЕОРГИЕВ ТОДОРОВ,,"Гр. София, ул. ""Искърско шосе"" 19",СОФИЯ 14 рн ИСКЪР,19,"Гр. София, ул. ""Искърско шосе""","Гр. София, ул. ""Искърско шосе"" 19, СОФИЯ 14 рн ИСКЪР, България",,,,,0
