Наименование,Област,Община,Населено място,Адрес,Управител,Телефон
"ДИАЛИЗЕН ЦЕНТЪР ЕЛ МАСРИ ООД",Бургас,БУРГАС,ГР.БУРГАС,ж.к. Лазур бл. 158,Д-Р РУМЯНА МАРИНОВА БАХЧЕВАНОВА,"056/812985,0887/903787"
"ДКЦ-2-Добрич ЕООД",Добрич,КАВАРНА,ГР.КАВАРНА,ул. Васил Левски №36,"Д-Р ВАЛЕРИ ВЕСЕЛИНОВ ТОДОРОВ, СИЛВИЯ ГЕОРГИЕВА ДЕМИРЕВА-ТРИФОНОВА","602-257,600-854"
"ДКЦ-2-Добрич ЕООД",Добрич,БАЛЧИК,ГР.БАЛЧИК,ул. Д-р Златко Петков №1,"Д-Р ВАЛЕРИ ВЕСЕЛИНОВ ТОДОРОВ, СИЛВИЯ ГЕОРГИЕВА ДЕМИРЕВА-ТРИФОНОВА","602-257,600-854"
"ДКЦ-2-Добрич ЕООД",Добрич,БАЛЧИК,С.ОБРОЧИЩЕ К.К.АЛБЕНА,к.к. Албена МЦ Медика-Албена,"Д-Р ВАЛЕРИ ВЕСЕЛИНОВ ТОДОРОВ, СИЛВИЯ ГЕОРГИЕВА ДЕМИРЕВА-ТРИФОНОВА","602-257,600-854"
"ДКЦ-2-Добрич ЕООД",Добрич,ДОБРИЧ-ГРАД,ГР.ДОБРИЧ,бул. 25-ти септември 68,"Д-Р ВАЛЕРИ ВЕСЕЛИНОВ ТОДОРОВ, СИЛВИЯ ГЕОРГИЕВА ДЕМИРЕВА-ТРИФОНОВА, АНЕЛИЯ ГЕОРГИЕВА КОЛАРОВА-КИСЬОВА","602-257,600-854"
"ДКЦ-I-Добрич ЕООД",Добрич,ДОБРИЧ-ГРАД,ГР.ДОБРИЧ,ул. Димитър Петков №3,"Д-Р БИСЕРКА АТАНАСОВА ПАЧОЛОВА-ЦЕНОВА, ВЕЛИНА ГЕОРГИЕВА КОМАРЕВА-ИВАНОВА, МАРИЯН ИВАНОВ АНАНИЕВ, ДИАНА ПЕТРОВА АРАБАДЖИЕВА-ДИМИТРОВА","601-474,0878711458,601-610,602-776"
"Диализен Център Диалхелп ЕООД",Добрич,ДОБРИЧ-ГРАД,ГР.ДОБРИЧ,25-ти Септември 68,Д-Р ЕЛКА МИЛАНОВА ТОДОРОВА-КОЗАРОВА,058/600-117
"Диализен център Руриком ООД",Русе,РУСЕ,ГР.РУСЕ,ул. Славянска 2А ет.2,ИЛКО ЙОРДАНОВ МАРИНОВ,"0898484505,0878984505"
"КОМПЛЕКСЕН ОНКОЛОГИЧЕН ЦЕНТЪР БУРГАС ЕООД",Бургас,БУРГАС,ГР.БУРГАС,бул. Демокрация №86,"ПРОФ. Д-Р ХРИСТО СТОЯНОВ БОЗОВ, РАДОСТИН ЗАХАРИЕВ ДИЧЕВ, ХРИСТО ДЕЧЕВ ДЕЧЕВ","056/86-64-02,0879/396613,0893/336753"
"КОМПЛЕКСЕН ОНКОЛОГИЧЕН ЦЕНТЪР БУРГАС ЕООД",Бургас,БУРГАС,ГР.БУРГАС,ул. Стефан Стамболов №73,"ПРОФ. Д-Р ХРИСТО СТОЯНОВ БОЗОВ, РАДОСТИН ЗАХАРИЕВ ДИЧЕВ, ХРИСТО ДЕЧЕВ ДЕЧЕВ","056/86-64-02,0879/396613,0893/336753"
"КОМПЛЕКСЕН ОНКОЛОГИЧЕН ЦЕНТЪР БУРГАС ЕООД",Бургас,БУРГАС,ГР.БУРГАС,ул. Доц.д-р Константин Кънчев,"ПРОФ. Д-Р ХРИСТО СТОЯНОВ БОЗОВ, РАДОСТИН ЗАХАРИЕВ ДИЧЕВ, ХРИСТО ДЕЧЕВ ДЕЧЕВ","056/86-64-02,0879/396613,0893/336753"
"МБАЛ Проф. д-р Александър Герчев Етрополе ЕООД",София - област,ЕТРОПОЛЕ,ГР.ЕТРОПОЛЕ,ул. Бригадирска №1,"Д-Р ГАЛЯ ИЛИЕВА ВАСИЛЕВА, Д-Р ГЕОРГИ КРЪСТЕВ КАНЗОВ, Д-Р СНЕЖАНКА ВАСИЛЕВА ДОСЕВА-ТОДОРОВА, Д-Р ЦЕНО ПАВЛОВ ГЛОГОВ","0879605651,072063685"
"МБАЛ - Ботевград ЕООД",София - област,БОТЕВГРАД,ГР.БОТЕВГРАД,ул. Божко Божилов №1,"Д-Р ДИЛЯН ДОБРЕВ ТОМОВСКИ, МАРГАРИТА ТОДОРОВА СТОЕВА, Д-Р ФИЛИП ПЕТРОВ ФИЛЕВ, Д-Р КРАСИМИР ПАВЛОВ КУШЕВ, ПЛАМЕН КИРИЛОВ КИТАНОВ, ИВАН ДИМИТРОВ БАГЕЛЕЙСКИ, ОРЛИН ВЕСЕЛИНОВ ЦВЕТКОВ","072369400,072369401"
"МБАЛ - Пирдоп АД",София - област,ПИРДОП,ГР.ПИРДОП,ул. Георги Бенковски №24,"Д-Р ЮЛИЯ ДИМИТРОВА ИЛИЕВА, СОФИ ВЛАДИМИРОВ ДИНЧЕВ, СВЕТОСЛАВ ГЕОРГИЕВ ЧЕРВЕНКОВ, Д-Р ИВАН ВАСИЛЕВ ДИНЕВ, ЛЮБОМИР КОНСТАНТИНОВ ВАСЕВ, ИРИНА РАШКОВА ПАВЛОВА, Г-ЖА ТАТЯНА СПАСОВА КОНЯРСКА, Д-Р ДЕСИСЛАВА ДИМИТРОВА ТОЛИНОВА, ДАНИЕЛА ПЕТРОВА МИРКОВСКА, Д-Р МАРГАРИТА ИВАНОВА ГЕТОВА","0878632701,0886610805,0878632715,07181/5631,0878632731,0878632768"
"МБАЛ - Самоков ЕООД",София - област,САМОКОВ,ГР.САМОКОВ,ул. Македония №49,"Д-Р КРАСИМИРА АРАНГЕЛОВА КОВАЧКА, Д-Р СВЕТЛА КИРИЛОВА СКЕЛИНА","072266413,072289266"
"МБАЛ - Скин Системс ООД",София - област,ПИРДОП,ГР.ПИРДОП,ул. Георги Бенковски 24,"Д-Р СПАРТАК СТОЯНОВ МИЛЕВ, Д-Р КАТРИН КОСТАДИНОВА КРАХТОВА-НАСТЕВА","0888707040,0895125771"
"МБАЛ - Скин Системс ООД",София - област,ЕЛИН ПЕЛИН,С.ДОГАНОВО,ул. Първа №32,"Д-Р СПАРТАК СТОЯНОВ МИЛЕВ, Д-Р КАТРИН КОСТАДИНОВА КРАХТОВА-НАСТЕВА","0888707040,0895125771"
"МБАЛ - Скин Системс ООД",София - област,ЕЛИН ПЕЛИН,ГР.ЕЛИН ПЕЛИН,ул. Здравец №15,"Д-Р СПАРТАК СТОЯНОВ МИЛЕВ, Д-Р КАТРИН КОСТАДИНOVA КРАХТОВА-НАСТЕВА","0888707040,0895125771"
"МБАЛ Авис Медика ООД",Плевен,ПЛЕВЕН,ГР.ПЛЕВЕН,ул. Коста Хаджипакев №7,"АЛЕКСАНДЪР ВЛАДИМИРОВ АНДРЕЕВ, ИРЕН ВЛАДИМИРОВА БАРКЛИ ПАЗ, ВЛАДИМИР ВАСИЛЕВ АНДРЕЕВ","064/909093,0889/231056,064909097,064909092"
"МБАЛ Авис Медика ООД",Плевен,ПЛЕВЕН,ГР.ПЛЕВЕН,парк Кайлъка местност Стражата,"АЛЕКСАНДЪР ВЛАДИМИРОВ АНДРЕЕВ, ИРЕН ВЛАДИМИРОВА БАРКЛИ ПАЗ, ВЛАДИМИР ВАСИЛЕВ АНДРЕЕВ","064/909093,0889/231056,064909097,064909092"
"МБАЛ Авис Медика ООД",Плевен,ПЛЕВЕН,С.ТУЧЕНИЦА,ул. Георги Бенковски №19,"АЛЕКСАНДЪР ВЛАДИМИРОВ АНДРЕЕВ, ИРЕН ВЛАДИМИРОВА БАРКЛИ ПАЗ, ВЛАДИМИР ВАСИЛЕВ АНДРЕЕВ","064/909093,0889/231056,064909097,064909092"
"МБАЛ-Д-р Георги Стоев-Шварц-Троян-ЕООД",Ловеч,ТРОЯН,ГР.ТРОЯН,ул. Радецки №30,"ПЕНКО СТАЙКОВ БАМБОВ, ТЕОДОРА ПЕТРОВА ВЪЛКОВСКА-КЮРЕКЧИЕВА","0670/62019,067062019,0888695372"
"МБАЛ-Елин Пелин ЕООД",София - област,ЕЛИН ПЕЛИН,ГР.ЕЛИН ПЕЛИН,ул. Здравец №15,"Д-Р МАЯ МЕТОДИЕВА МИКОВА-ЛУКАНОВА, МАРИЯНА АТАНАСОВА МАНОЛОВА","072560152,0887334797"
"МБАЛ-Ихтиман-Д-р Станю Янков ЕООД",София - област,ИХТИМАН,ГР.ИХТИМАН,ул. Шипка №30,"Д-Р ИВКА ИВАНОВА ГЕОРГИЕВА, Д-Р ПЕТЬО ДИМИТРОВ ГЕРГАНОВ, Д-Р ИВАН ЖЕКОВ ИВАНОВ",072482164
"МБАЛ-Каварна ЕООД",Добрич,КАВАРНА,ГР.КАВАРНА,ул. Васил Левски 36,"ЦВЕТАНКА ИЛИЕВА ДИМИТРОВА, ГЕОРГИ ИВАНОВ ДОНЕВ, ЖИВКО ИВАНОВ ЖЕКОВ, ДЕСИСЛАВ ПЕТРОВ ТАСКОВ, ХАМЗА ВЕЛИЕВ АЛИЕВ, Д-Р ХРИСТИЯН ПЕТРОВ ЗАФИРОВ","0570/83161,0887/991099"
"МБАЛ-ОМУРТАГ ЕАД",Търговище,ОМУРТАГ,ГР.ОМУРТАГ,ул. Търновска №55,"ХРИСТО ЛЮБОМИРОВ ЖЕЛЕВ, ПАВЛИНА СТОЯНОВА ПАВЛОВА, МЕХМЕД ХАСАНОВ АХМЕДОВ, БОЯН СЕРГЕЕВ ФИЛЕВ, СТИЛИЯН ЛЮБЕНОВ ГРИГОРОВ, ЗЮЛБИЕ ИСМАИЛОВА МУСТАФОВА, Д-Р ЙОШЕНКА НЕНЧЕВА ЖЕЛЯЗКОВА-РУСЕВА","0605/2480,0605/4176,0605/64176,0605/62480,0605/62780,0605/64146"
"МБАЛ-ПОПОВО ЕООД",Търговище,ТЪРГОВИЩЕ,ГР.ТЪРГОВИЩЕ,ул. Пирин №16,"ЙОВЧО ЯНКОВ ЯКОВ, ИВАН ПЕТКОВ ДИМИТРОВ, ИВАН НИКОЛОВ ГУЩАНОВ, ЯНКА АНДРЕЕВА ИВАНОВА, РУМЕН СТОЙЧЕВ РУСЕВ","0608/42401,0608/43912,0608/43574"
"МБАЛ-ПОПОВО ЕООД",Търговище,ПОПОВО,ГР.ПОПОВО,кв. Запад,"ЙОВЧО ЯНКОВ ЯКОВ, ИВАН ПЕТКОВ ДИМИТРОВ, ИВАН НИКОЛОВ ГУЩАНОВ, ЯНКА АНДРЕЕВА ИВАНОВА, РУМЕН СТОЙЧЕВ РУСЕВ","0608/42401,0608/43912,0608/43574"
"МБАЛ-Проф. Д-р Параскев Стоянов-АД Ловеч",Ловеч,ЛОВЕЧ,ГР.ЛОВЕЧ,ул. Съйко Съев №27,"ВИКТОР ЕМИЛОВ ТАСЛАКОВ, ТИХОМИР ИВАНОВ БЕНЕВ, ТАТЯНА ГАНЧЕВА БОРИСОВА, Д-Р АНКА ГЕОРГИЕВА АНГЕЛОВА, РУМЯНА ПЕТРОВА НАНОВСКА, АЛДИН ДОЧЕВ НАЧКОВ, ЯНКО ВАСИЛЕВ КОЧЕВ","068/667444,068/603370,068/603371,0895728203,0878792666"
"МБАЛ-Своге ЕООД",София - област,СВОГЕ,ГР.СВОГЕ,ул. Староселска №4,"Д-Р ЛЮБИЦА ИВАНОВА ТОМЧЕВА, ПЛАМЕН КИРИЛОВ КИТАНОВ, ПЕТЯ ИВАНОВА ТОМОВА","0878199647,072622577,0886839753,0726/2577,0726/2174"
"МБАЛ-ТЪРГОВИЩЕ АД",Търговище,ТЪРГОВИЩЕ,ГР.ТЪРГОВИЩЕ,кв. Запад,ИВАН ВАСИЛЕВ СВЕТУЛКОВ,"0601/68888,0601/64864"
"МЕДИКО - ДЕНТАЛЕН ЦЕНТЪР ТРИО ЕООД",Враца,ВРАЦА,ГР.ВРАЦА,ул. Генерал Леонов №95 ет.3,ВАЛЕНТИН МАРИНОВ НАЙДЕНОВ,0882934002
"МЕДИЦИНСКИ ЦЕНТЪР ЗА СПЕЦИАЛИЗИРАНА МЕДИЦИНСКА ПОМОЩ - ВИЗУС ООД",Велико Търново,ГОРНА ОРЯХОВИЦА,ГР.ГОРНА ОРЯХОВИЦА,ул. Хан Крум №5,"СОФИЯ ЦЕЦКОВА ЦВЕТАНОВА-ДИМИТРОВА, ПЕТЯ ИВАНОВА ЦВЕТАНОВА, ПЕТЯ ЦВЕТАНОВА","061864053"
"МЕДИЦИНСКИ ЦЕНТЪР ЗА СПЕЦИАЛИЗИРАНА МЕДИЦИНСКА ПОМОЩ - ВИЗУС ООД",Велико Търново,ГОРНА ОРЯХОВИЦА,ГР.ГОРНА ОРЯХОВИЦА,ул. Отец Пайсий №72,"СОФИЯ ЦЕЦКОВА ЦВЕТАНОВА-ДИМИТРОВА, ПЕТЯ ИВАНОВА ЦВЕТАНОВА, ПЕТЯ ЦВЕТАНОВА","061864053"
"МЕДИЦИНСКИ ЦЕНТЪР ЗА СПЕЦИАЛИЗИРАНА ПОМОЩ Д-Р ИВАНОВИ - МЛАДОСТ ООД",Бургас,БУРГАС,ГР.БУРГАС,ул. Александровска №87,Д-Р МЕТОДИ ПЕТКОВ ИВАНОВ,"0896/660772,056/859850,0896777170"
"МЕДИЦИНСКИ ЦЕНТЪР ЗА СПЕЦИАЛИЗИРАНА ПОМОЩ Д-Р ИВАНОВИ - МЛАДОСТ ООД",Бургас,БУРГАС,ГР.БУРГАС,ж.к. Славейков ул. Георги Минков №174,Д-Р МЕТОДИ ПЕТКОВ ИВАНОВ,"0896/660772,056/859850,0896777170"
"МЕДИЦИНСКИ ЦЕНТЪР ЗА СПЕЦИАЛИЗИРАНА ПОМОЩ Д-Р ИВАНОВИ - МЛАДОСТ ООД",Бургас,БУРГАС,ГР.БУРГАС,ул. Александровска №78,Д-Р МЕТОДИ ПЕТКОВ ИВАНОВ,"0896/660772,056/859850,0896777170"
"МЕДИЦИНСКИ ЦЕНТЪР ЗА СПЕЦИАЛИЗИРАНА ПОМОЩ Д-Р ИВАНОВИ - МЛАДОСТ ООД",Бургас,БУРГАС,ГР.БУРГАС,ул. Транспортна №33,Д-Р МЕТОДИ ПЕТКОВ ИВАНОВ,"0896/660772,056/859850,0896777170"
"МЕДИЦИНСКИ ЦЕНТЪР ЗА СПЕЦИАЛИЗИРАНА ПОМОЩ Д-Р ИВАНОВИ - МЛАДОСТ ООД",Бургас,НЕСЕБЪР,ГР.НЕСЕБЪР,ул. Иван Вазов №11,Д-Р МЕТОДИ ПЕТКОВ ИВАНОВ,"0896/660772,056/859850,0896777170"
"МЕДИЦИНСКИ ЦЕНТЪР УРОЛОДЖИЯ ЕООД",Хасково,ХАСКОВО,ГР.ХАСКОВО,ул. Средна Гора 1,ИВАН НИКОЛАЕВ НИКОЛОВ,0888360636
"МНОГОПРОФИЛНА БОЛНИЦА ЗА АКТИВНО ЛЕЧЕНИЕ - ХАРМАНЛИ ЕООД",Хасково,ХАРМАНЛИ,ГР.ХАРМАНЛИ,ул. Васил Левски №66,"Д-Р ЗЛАТКА ГЕОРГИЕВА ЧАНКОВА, ДИНЧО ГЕНЕВ ГЕНЕВ, ВОЛОДИ ХРИСТОВ ХРИСТОВ","0373/82189"
"МНОГОПРОФИЛНА БОЛНИЦА ЗА АКТИВНО ЛЕЧЕНИЕ СВЕТА ЕКАТЕРИНА - ДИМИТРОВГРАД ЕООД",Хасково,ДИМИТРОВГРАД,ГР.ДИМИТРОВГРАД,ул. Христо Ботев №29,"АЛДИН ХИТОВ КАРАГЬОЗОВ, МАТЕЙ АСЕНОВ МАТЕЕВ, ЗДРАВКО АНГЕЛОВ НАКОВ","0391/63436,0391/63699,0391/64024"
"МНОГОПРОФИЛНА БОЛНИЦА ЗА АКТИВНО ЛЕЧЕНИЕ СЪРЦЕ И МОЗЪК ЕАД",Бургас,БУРГАС,ГР.БУРГАС,бул. Стефан Стамболов №73 приземен етаж ет.1 и част от ет.2 от Терапевтичен корпус /блок 3/,"ХАРЛИН СТОЯНОВ ТУМБЕВ, ЖИВКО СТОЙКОВ КОЛЕВ","02/9625454"
"МНОГОПРОФИЛНА БОЛНИЦА ЗА АКТИВНО ЛЕЧЕНИЕ СЪРЦЕ И МОЗЪК ЕАД",Бургас,БУРГАС,ГР.БУРГАС,УПИ VII-842 кв.68 по плана на ПЗ Север,"ХАРЛИН СТОЯНОВ ТУМБЕВ, ЖИВКО СТОЙКОВ КОЛЕВ","02/9625454"
"МНОГОПРОФИЛНА БОЛНИЦА ЗА АКТИВНО ЛЕЧЕНИЕ СЪРЦЕ И МОЗЪК ЕАД",Бургас,БУРГАС,ГР.БУРГАС,ул. Здраве №29,"ХАРЛИН СТОЯНОВ ТУМБЕВ, ЖИВКО СТОЙКОВ КОЛЕВ","02/9625454"
"МНОГОПРОФИЛНА БОЛНИЦА ЗА АКТИВНО ЛЕЧЕНИЕ ХИГИЯ ООД",Хасково,ХАСКОВО,ГР.ХАСКОВО,ул. Стефан Стамболов №2,"ЯСЕН ГЕОРГИЕВ ЯНЕВ, АТАНАС ПАУНОВ ПАУНОВ, ПЛАМЕН ХРИСТОВ ЙОВЧЕВ","038606231,622535"
"МНОГОПРОФИЛНА БОЛНИЦА ЗА АКТИВНО ЛЕЧЕНИЕ - ГР. СРЕДЕЦ",Бургас,СРЕДЕЦ,ГР.СРЕДЕЦ,ул. Тодор Николов №10,"ВЪЛЬО НИКОЛОВ КОМНЕВ, ЧАВДАР ХРИСТОВ КАРАБАДЖАКОВ, Д-Р ВЪЛЬО НИКОЛОВ КОМНЕВ, ИВАЙЛО ЦАНЕВ ЦАНЕВ, ГЕОРГИ ХРИСТОВ ГЕОРГИЕВ, СТЕЛИЯН ПРОДАНОВ СЛАВОВ, ДАНИЕЛА ПРОДАНОВА БOЗДУКОВА, Д-Р РОСИЦА ВЕЛИКОВА ДИЧЕВА","05551/3560,0887/640699"
"МНОГОПРОФИЛНА БОЛНИЦА ЗА АКТИВНО ЛЕЧЕНИЕ - ЛАЙФ ХОСПИТАЛ ЕООД",Бургас,БУРГАС,ГР.БУРГАС,ж.к. Изгрев бул. Димитър Димов /Панорамен път/,"Д-Р МАРИЯ СТАВРЕВА ДИМИТРОВА, Д-Р СПАСИМИР СТЕФАНОВ ИВАНОВ","056/875041,08886/833493"
"МНОГОПРОФИЛНА БОЛНИЦА ЗА АКТИВНО ЛЕЧЕНИЕ - ЛАЙФ ХОСПИТАЛ ЕООД",Бургас,НЕСЕБЪР,ГР.СВЕТИ ВЛАС,ул. Ивайло №11А,"Д-Р МАРИЯ СТАВРЕВА ДИМИТРОВА, Д-Р СПАСИМИР СТЕФАНОВ ИВАНОВ","056/875041,08886/833493"
"МНОГОПРОФИЛНА БОЛНИЦА ЗА АКТИВНО ЛЕЧЕНИЕ - СВИЛЕНГРАД ЕООД",Хасково,СВИЛЕНГРАД,ГР.СВИЛЕНГРАД,ул. Сан Стефано 1,"Д-Р ДИМИТЪР АНГЕЛОВ ЕРМОВ, РАДОСТ МИТЕВА СКЕРЛЕВА","037974071,037971534"
"МНОГОПРОФИЛНА БОЛНИЦА ЗА АКТИВНО ЛЕЧЕНИЕ - ХАСКОВО АД",Хасково,ХАСКОВО,ГР.ХАСКОВО,бул. Съединение №49,"ГЕОРГИ НИКОЛОВ ГЕЛОВ, ДИМИТЪР ГЕОРГИЕВ ШОПОВ, ТОДОР ДИМИТРОВ ПАНДОВ, СЛАВЧО СОТИРОВ БЛИЗНАКОВ","038/606722,038/606999"
"МНОГОПРОФИЛНА БОЛНИЦА ЗА АКТИВНО ЛЕЧЕНИЕ Д-Р МАДЖУРОВ ООД",Бургас,БУРГАС,ГР.БУРГАС,ж.к. Зорница срещу бл.15,"Д-Р АЛЕКСАНДЪР ГЕОРГИЕВ МАДЖУРОВ, Д-Р ГЕОРГИ АЛЕКСИЕВ МАДЖУРОВ","056/877940,0888305819,056/877950,0897/841214,056/865730"
"МНОГОПРОФИЛНА БОЛНИЦА ЗА АКТИВНО ЛЕЧЕНИЕ КАРНОБАТ ЕООД",Бургас,КАРНОБАТ,ГР.КАРНОБАТ,ул. Стара планина №180,"Д-Р НИКОЛАЙ МИХАЙЛОВ КОЛИБАРОВ, КРАСИМИР ИВАНОВ МАРИНОВ, ХРИСТО ХРИСТОВ ИВАНОВ","0559/27054,0893/041718"
"МНОГОПРОФИЛНА БОЛНИЦА ЗА АКТИВНО ЛЕЧЕНИЕ-АЙТОС ЕООД",Бургас,АЙТОС,ГР.АЙТОС,ул. Шейново №4,"ГЮЛНАР ВЕЛИ ХАБИЛ, ПАРУШ ДИМИТРОВ ПАРУШЕВ, ЗЛАТИНА КИРОВА ИВАНОВА",0898/357354
"МНОГОПРОФИЛНА БОЛНИЦА ЗА АКТИВНО ЛЕЧЕНИЕ-БУРГАСМЕД ЕООД",Бургас,БУРГАС,ГР.БУРГАС,ж.к. Меден Рудник зона А,"Д-Р СТОИЛ ГЕОРГИЕВ АПОСТОЛОВ, Д-Р ПЕНКО МИНЧЕВ ПЕНКОВ, БОЙКО ГЕОРГИЕВ МИРАЗЧИЙСКИ, ТОДОР ВАСИЛЕВ УШЕВ, ЗАПРИН ТОДОРОВ ПЕПЕЛОВ, ДИНЧО ГЕНЕВ ГЕНЕВ","056/999980,056/707602"
"МНОГОПРОФИЛНА БОЛНИЦА ЗА АКТИВНО ЛЕЧЕНИЕ-ПОМОРИЕ ЕООД",Бургас,ПОМОРИЕ,ГР.ПОМОРИЕ,ул. Проф.Парашкев Стоянов №1,"ЦВЕТОМИР ЦВЕТКОВ, ЦВЕТОМИР КИРКОВ ЦВЕТКОВ, АЛЕКСАНДЪР ГРИГОРОВ КРЪСТАНОВ, РАДОСТИН АТАНАСОВ ИВАНОВ, ЖЕНЯ НЕДЕЛЧЕВА КАРАИЛИЕВА-ГЕОРГИЕВА, Д-Р КИРИЛ АСЕНОВ ХИНОВ, ИЛКО ТОДОРОВ ИЛЧЕВ","0882420145,0596/22730,0877/276225,0887/215743"
"Многопрофилна болница за активно лечение - Балчик ЕООД",Добрич,БАЛЧИК,ГР.БАЛЧИК,ул. Д-р Зл. Петков №1,"Д-Р ПЛАМЕН ПЕТРОВ ДИМИТРОВ, ПАРСЕК САРКИС САЛБАШЯН, КРАСИМИР НИКОЛОВ КРЪЧМАРОВ, ИВО ХРИСТОВ ВОЙЧЕВ","0579/72238,0579/72018"
"Многопрофилна болница за активно лечение Кардиолайф ООД",Ловеч,ЛОВЕЧ,ГР.ЛОВЕЧ,бул. Мизия 5,"ТИХОМИР ИВАНОВ БЕНЕВ, ИЛИЯНА МАРИНОВА КОСТОВА, Д-Р ГАЛИНА ВИДОЛОВА БАЛАБАНОВА","068/602844,0897001041"
"НЕФРОЦЕНТЪР БУРГАС ООД",Бургас,БУРГАС,ГР.БУРГАС,Северна промишлена зона бул. Янко Комитов №7,Д-Р ПЕТЯ КИРОВА КУПЕНОВА-ТОНЕВА,"0889/846911,0886/036476"
"ОЧЕН МЕДИЦИНСКИ ЦЕНТЪР ХАСКОВО ООД",Хасково,ХАСКОВО,ГР.ХАСКОВО,ул. Георги Кирков №24,ПРОФ. Д-Р ДИМИТЪР НИКОЛОВ ДЖЕЛЕБОВ,042601460
"ОЧЕН МЕДИЦИНСКИ ЦЕНТЪР ХАСКОВО ООД",Хасково,ХАСКОВО,ГР.ХАСКОВО,ул. Хаджи Димитър №2 партер кабинет №1,ПРОФ. Д-Р ДИМИТЪР НИКОЛОВ ДЖЕЛЕБОВ,042601460
"ОЧЕН МЕДИЦИНСКИ ЦЕНТЪР ХАСКОВО ООД",Хасково,ХАСКОВО,ГР.ХАСКОВО,ул. П. Евтимий №1 ет. нула-партер,ПРОФ. Д-Р ДИМИТЪР НИКОЛОВ ДЖЕЛЕБОВ,042601460
"ОЧЕН МЕДИЦИНСКИ ЦЕНТЪР ХАСКОВО ООД",Хасково,ДИМИТРОВГРАД,ГР.ДИМИТРОВГРАД,бул. България №2,ПРОФ. Д-Р ДИМИТЪР НИКОЛОВ ДЖЕЛЕБОВ,042601460
"СБАЛББ-Троян ЕООД",Ловеч,ТРОЯН,ГР.ТРОЯН,ул. Васил Левски №253,ЦВЕТОМИЛА ВАСИЛЕВА ДУДЕВСКА-ВАЧЕВСКА,0670/64985
"СБАЛОЗ -София област ЕООД",София (столица),ГР.СОФИЯ,ГР.СОФИЯ,Бул. Столетов №67,"ЯНКО ВАСИЛЕВ КОЧЕВ, Д-Р ПЛАМЕН ТРАЙЧЕВ ИВАНОВ, Д-Р ДИАНА ЙОРДАНОВА НЕДЯЛКОВА","028013923"
"СБАЛПФЗ - София област ЕООД",София (столица),ГР.СОФИЯ,ГР.СОФИЯ,бул. Сливница №309,"Д-Р КИРИЛ РАШКОВ ПАЛАВЕЕВ, Д-Р ВЕЛИЧКО ДИМИТРОВ МАРИНОВ","0899247939,029312353"
"СБПЛР-Костенец ЕООД",София - област,КОСТЕНЕЦ,ГР.КОСТЕНЕЦ,ул. Цариградско шосе №56,Д-Р МАРИЯ АНГЕЛОВА ХРИСТОСКОВА-ЯНКОВА,0889306197
"СБПФЗПЛР-Цар Фердинанд І ЕООД",София - област,СВОГЕ,С.ИСКРЕЦ,кв. Санаториума,"Д-Р МАРИЯНА ХРИСТОВА ДЕНЕВА, ЛЮДМИЛА ЙОВЧЕВА ТОДОРОВА","071632001,071632002,0889151884"
"СБР-НК ЕАД филиал Момин проход",София - област,КОСТЕНЕЦ,ГР.МОМИН ПРОХОД,ул. Христо Ботев №6,"Д-Р ПЛАМЕН ПЕТРОВ СТОЕВ, ЕВГЕНИ ГЕОРГИЕВ ЛЮБЕНОВ, НОНКА ДОБРИНОВА ОБРЕШКОВА, СПАСКА СТОЯНОВА БАХЧЕВАНОВА, АНИ БЛАГОЕВА ЗДРАВКОВА","0879220029,0878217400"
"СБР-Тузлата ЕООД",Добрич,БАЛЧИК,ГР.БАЛЧИК,местност Тузлата,"МАРИЯ ВАСИЛЕВА СТАЙКОВА, КАМЕЛИЯ КИРЧЕВА СТАНЕВА","0579/72480,0882/528595"
"СОБАЛ Д-Р ТАСКОВ ООД",Търговище,ТЪРГОВИЩЕ,ГР.ТЪРГОВИЩЕ,ул. Александър Стамболийски №25,ДИМИТЪР ГЕОРГИЕВ ТАСКОВ,0601/63404
"СПЕЦИАЛИЗИРАНА БОЛНИЦА ЗА АКТИВНО ЛЕЧЕНИЕ НА ПНЕВМО-ФТИЗИАТРИЧНИ ЗАБОЛЯВАНИЯ ХАСКОВО ЕООД",Хасково,ХАСКОВО,ГР.ХАСКОВО,кв. Болярово ул. Перущица №2,"ВЕСЕЛИН ТОДОРОВ КАЛФОВ, Д-Р ИРИНА ЗАПРЯНОВА КАРАМАНОВА",038668053
"СПЕЦИАЛИЗИРАНА БОЛНИЦА ЗА АКТИВНО ЛЕЧЕНИЕ НА ПНЕВМО-ФТИЗИАТРИЧНИ ЗАБОЛЯВАНИЯ- БУРГАС ЕООД",Бургас,БУРГАС,ГР.БУРГАС,ул. Генерал Гурко №64,Д-Р ЕВЕЛИНА ДИМИТРОВА ТРОШАНОВА-ГРОШЕВА,"056/896241,0888/735849,056/896222,0878/877022"
"СПЕЦИАЛИЗИРАНА БОЛНИЦА ЗА АКТИВНО ЛЕЧЕНИЕ ПО ВЪТРЕШНИ БОЛЕСТИ - ТОПОЛОВГРАД ЕООД",Хасково,ТОПОЛОВГРАД,ГР.ТОПОЛОВГРАД,ул. Мусала №1,"Д-Р ЕМИЛ ДЕЛЧЕВ ЕВТИМОВ, ДИМИТЪР АНГЕЛОВ ЕРМОВ","0470/52183,0470/53372"
"СПЕЦИАЛИЗИРАНА БОЛНИЦА ЗА АКТИВНО ЛЕЧЕНИЕ ПО ОНКОЛОГИЯ - ХАСКОВО ЕООД",Хасково,ХАСКОВО,ГР.ХАСКОВО,бул. Съединение №49,"МАТЕЙ АСЕНОВ МАТЕЕВ, Д-Р ВЕНКО ИВАНОВ БАЛАБАНОВ, Д-Р ЛЮБОМИР ВЪЛКОВ ВАСИЛЕВ, ИВАН ТОДОРОВ ИВАНОВ",038664373
"СПЕЦИАЛИЗИРАНА БОЛНИЦА ЗА ПРОДЪЛЖИТЕЛНО ЛЕЧЕНИЕ И РЕХАБИЛИТАЦИЯ - ЛЮБИМЕЦ ЕООД",Хасково,ЛЮБИМЕЦ,ГР.ЛЮБИМЕЦ,ул. Републиканска 38,ИВАН РАДКОВ ИЛИЕВ,"037517296,037517151"
"СПЕЦИАЛИЗИРАНА БОЛНИЦА ЗА РЕХАБИЛИТАЦИЯ НЕСЕБЪР АД",Бургас,НЕСЕБЪР,ГР.НЕСЕБЪР,ул. Хан Крум №31,"Д-Р ПЛАМЕН МИХАЙЛОВ ЛАКОВ, Д-Р ЦВЕТАН ДИМИТРОВ ГЕРГОВ, ГЕОРГИ КОЛЕВ КОЛЕВ, Д-Р ГАЛИНА ТРУФАНОВА КЪРЧЕВА, НИКОЛАЙ ГЕОРГИЕВ КОЛЕВ","0876/022232,0554/30123"
"СПЕЦИАЛИЗИРАНА БОЛНИЦА ЗА РЕХАБИЛИТАЦИЯ НЕСЕБЪР АД",Бургас,НЕСЕБЪР,ГР.НЕСЕБЪР,кв. Перла №20,"Д-Р ПЛАМЕН МИХАЙЛОВ ЛАКОВ, Д-Р ЦВЕТАН ДИМИТРОВ ГЕРГОВ, ГЕОРГИ КОЛЕВ КОЛЕВ, Д-Р ГАЛИНА ТРУФАНOVA КЪРЧЕВА, НИКОЛАЙ ГЕОРГИЕВ КОЛЕВ","0876/022232,0554/30123"
"СПЕЦИАЛИЗИРАНА БОЛНИЦА ЗА РЕХАБИЛИТАЦИЯ НЕСЕБЪР АД",Бургас,НЕСЕБЪР,ГР.НЕСЕБЪР,ул. Иван Вазов №11 Здравна къща Несебър,"Д-Р ПЛАМЕН МИХАЙЛОВ ЛАКОВ, Д-Р ЦВЕТАН ДИМИТРОВ ГЕРГОВ, ГЕОРГИ КОЛЕВ КОЛЕВ, Д-Р ГАЛИНА ТРУФАНОВА КЪРЧЕВА, НИКОЛАЙ ГЕОРГИЕВ КОЛЕВ","0876/022232,0554/30123"
"СПЕЦИАЛИЗИРАНА БОЛНИЦА ЗА РЕХАБИЛИТАЦИЯ - НАЦИОНАЛЕН КОМПЛЕКС ЕАД СОФИЯ ФИЛИАЛ ПОМОРИЕ",Бургас,ПОМОРИЕ,ГР.ПОМОРИЕ,ул. Проф. Парашкев Стоянов №7,"Д-Р МАРГАРИТА ИВАНОВА МИХАЙЛОВА, АНТОАНЕТА СТЕФАНОВА ГРОЗЕВА, СТЕФКО НИКОЛОВ ГЕОРГИЕВ, ПЛУМЕЛИНА ДИМИТРОВА МИЧЕВА, ГЕОРГИ АНДРЕЕВ ПРОДРОМОВ",
"СПЕЦИАЛИЗИРАНА БОЛНИЦА ЗА РЕХАБИЛИТАЦИЯ МАРИ ООД",Бургас,НЕСЕБЪР,ГР.НЕСЕБЪР,местност Кокалу ул. Кипарис №8,"Д-Р АНТОАНЕТА ЙОРДАНОВА ГЬОНКОВА, Д-Р МАРГАРИТА ЖИКОВА ГРОЗДИНСКА, СТЕФКО НИКОЛОВ ГЕОРГИЕВ","0888/684045,0885/156334,0554/70473"
"СПЕЦИАЛИЗИРАНА БОЛНИЦА ЗА РЕХАБИЛИТАЦИЯ СТАЙКОВ И ФАМИЛИЯ ЕООД",Бургас,НЕСЕБЪР,ГР.НЕСЕБЪР,к.к. Слънчев бряг хотел Средец,"ИВАН ЙОРДАНОВ СТАЙКОВ, ЙОРДАН ИВАНОВ СТАЙКОВ, Д-Р ВЕРГИНИЯ ДАНЧОВА ЦАНОВА-ИВАНОВА",0892/010303
"СПЕЦИАЛИЗИРАНА БОЛНИЦА ЗА РЕХАБИЛИТАЦИЯ АЙЛИН ЕООД",Хасково,МИНЕРАЛНИ БАНИ,С.МИНЕРАЛНИ БАНИ,ул. Любен Каравелов №8,АНЕЛИЯ ТОДОРОВА ТЕНЧЕВА,037389129
"СПЕЦИАЛИЗИРАНА ОЧНА БОЛНИЦА ЗА АКТИВНО ЛЕЧЕНИЕ - БУРГАС ООД",Бургас,БУРГАС,ГР.БУРГАС,ж.к. П. Р. Славейков ул. Георги Минков №174 до спортна зала Младост,"ПЕТКО МЕТОДИЕВ ИВАНОВ, Д-Р НИКОЛАЙ ПЕТКОВ ИВАНОВ","0896/777165,056/859840,0896/660772"
"Специализирана болница за рехабилитация - Вита ЕООД клон Поморие",Бургас,ПОМОРИЕ,ГР.ПОМОРИЕ,ул. Проф. П. Стоянов №12,Д-Р АНГЕЛ ХАРАЛАМБИЕВ ПЕЕВ,"0889693535,0887344625,0888238988,0879/402937,0878/542292,0882/603915,0596/22055,0887670008"
"УНИВЕРСИТЕТСКА МНОГОПРОФИЛНА БОЛНИЦА ЗА АКТИВНО ЛЕЧЕНИЕ СВЕТА МАРИНА-ПЛЕВЕН ООД",Плевен,ПЛЕВЕН,ГР.ПЛЕВЕН,ул. Гео Милев №14,"ИВАЛЕНА МИНКОВА ВАСИЛЕВА, ПРОФ.Д-Р ГРИГОР АНГЕЛОВ ГОРЧЕВ","064/805313,064/805666"
"УНИВЕРСИТЕТСКА МНОГОПРОФИЛНА БОЛНИЦА ЗА АКТИВНО ЛЕЧЕНИЕ СВЕТА МАРИНА-ПЛЕВЕН ООД",Плевен,ПЛЕВЕН,ГР.ПЛЕВЕН,ул. Цар Симеон 23,"ИВАЛЕНА МИНКОВА ВАСИЛЕВА, ПРОФ.Д-Р ГРИГОР АНГЕЛОВ ГОРЧЕВ","064/805313,064/805666"
"УНИВЕРСИТЕТСКА МНОГОПРОФИЛНА БОЛНИЦА ЗА АКТИВНО ЛЕЧЕНИЕ СВЕТА МАРИНА-ПЛЕВЕН ООД",Плевен,ПЛЕВЕН,ГР.ПЛЕВЕН,ж.к Дружба ул. Трите бора №24,"ИВАЛЕНА МИНКОВА ВАСИЛЕВА, ПРОФ.Д-Р ГРИГОР АНГЕЛОВ ГОРЧЕВ","064/805313,064/805666"
"УНИВЕРСИТЕТСКА МНОГОПРОФИЛНА БОЛНИЦА ЗА АКТИВНО ЛЕЧЕНИЕ СВЕТА МАРИНА-ПЛЕВЕН ООД",Плевен,ПЛЕВЕН,ГР.ПЛЕВЕН,Местност Русково бърдо,"ИВАЛЕНА МИНКОВА ВАСИЛЕВА, ПРОФ.Д-Р ГРИГОР АНГЕЛОВ ГОРЧЕВ","064/805313,064/805666"
"УНИВЕРСИТЕТСКА МНОГОПРОФИЛНА БОЛНИЦА ЗА АКТИВНО ЛЕЧЕНИЕ БУРГАС АД",Бургас,БУРГАС,ГР.БУРГАС,ул. Стефан Стамболов №73,"БОЙКО ГЕОРГИЕВ МИРАЗЧИЙСКИ, МИРОСЛАВ ОБРЕЙКОВ ОБРЕЙКОВ, Д-Р СВЕТЛОЗАР БОРИСОВ ГЕОРГИЕВ, БОЯН СЛАВЧЕВ БУДАКОВ, Д-Р СТЕФАН ИВАНОВ СТАНЧЕВ, ГЕОРГИ ЕНЧЕВ МАТЕВ, ПРОФ. Д-Р ВЛАДИМИР ХРИСТОВ ГОНЧЕВ","056/894700,056/810583"
"УНИВЕРСИТЕТСКА МНОГОПРОФИЛНА БОЛНИЦА ЗА АКТИВНО ЛЕЧЕНИЕ ДЕВА МАРИЯ ЕООД",Бургас,БУРГАС,ГР.БУРГАС,ул. Александър Стамболийски №32 корпус 1 и 2,"Д-Р ХРИСТО КРЪСТЕВ ЯКИМОВ, ДАНИЕЛА ПРОДАНОВА БОЗДУКОВА, ДИМИТЪР ЕСЕНОВ ИЛИЕВ, СТЕФАН ИВАНОВ КАСАБОВ, ГЕОРГИ МАРИНОВ ГЕОРГИЕВ, Д-Р СНЕЖА ЗГУРОВА СТРАНДЖЕВА, ХРИСТО ДОБРЕВ ДОБРЕВ","056/896273,056/896262,0884/257744"
"УНИВЕРСИТЕТСКА МНОГОПРОФИЛНА БОЛНИЦА ЗА АКТИВНО ЛЕЧЕНИЕ ДЕВА МАРИЯ ЕООД",Бургас,БУРГАС,ГР.БУРГАС,ул. Ванче Михайлов 1,"Д-Р ХРИСТО КРЪСТЕВ ЯКИМОВ, ДАНИЕЛА ПРОДАНOVA БОЗДУКОВА, ДИМИТЪР ЕСЕНОВ ИЛИЕВ, СТЕФАН ИВАНОВ КАСАБОВ, ГЕОРГИ МАРИНОВ ГЕОРГИЕВ, Д-Р СНЕЖА ЗГУРОВА СТРАНДЖЕВА, ХРИСТО ДОБРЕВ ДОБРЕВ","056/896273,056/896262,0884/257744"
"ЦЕНТЪР ЗА КОЖНО-ВЕНЕРИЧЕСКИ ЗАБОЛЯВАНИЯ-ВЕЛИКО ТЪРНОВО ЕООД",Велико Търново,ВЕЛИКО ТЪРНОВО,ГР.ВЕЛИКО ТЪРНОВО,ул. Бузлуджа №1,"ТЕОДОРА ЦЕКОВА ЧОЛАКОВА, РУМЯНА СТОЯНОВА АНДРЕЕВА, СИЛВИЯ ДИМОВА ГОРАНОВА","062/623598,062/622110"
"МБАЛ Уро Медикс ЕООД",Пловдив,ПЛОВДИВ,ГР.ПЛОВДИВ,ул. Колхида продължение МТБ Пловдив Стационар ет. 2 и ет. 3,Д-Р ЖАН РАДОЕВ ЧИТАЛОВ,"032673499,032280268"
"SBR_NK_VN",Пазарджик,ВЕЛИНГРАД,ГР.ВЕЛИНГРАД,ул. Гоце Делчев №38,ИЛЗА ВЪЛЧЕВА ПОПОВА,0359/55491
"І САГБАЛ СВ. СОФИЯ ЕАД СОФИЯ",София (столица),СОФИЯ 11 рн КРАСНА ПОЛЯНА,СОФИЯ 11 рн КРАСНА ПОЛЯНА,ул. М. Ташев №2,"КОНСТАНТИН ИВАНОВ МАЛЕНОВ, Д-Р МЕТОДИ ВАНГЕЛОВ ЯНКОВ, Д-Р ЕЛИАН ПЕТРОВ РАЧЕВ, Д-Р ИВАН АТАНАСОВ КОСТОВ, Д-Р ГЕРГАНА КИРИЛОВА КОЛАРОВА",02/8220583
"ІV МБАЛ - СОФИЯ ЕАД",София (столица),СОФИЯ 02 рн КРАСНО СЕЛО,СОФИЯ 02 рн КРАСНО СЕЛО,бул. Македония №38,"СТОЯН ЦВЕТАНОВ МАДЖАРОВ, Д-Р СТЕЛА ВАНЕВА СТАНЧЕВА-ЧЕРНЕВА, Д-Р АРКАДИ ГЕОРГИЕВ ИВАНОВ","02/9521474,02/8519211"
"ІІ МБАЛ - СОФИЯ ЕАД",София (столица),СОФИЯ 05 рн СЕРДИКА,СОФИЯ 05 рн СЕРДИКА,бул. Христо Ботев №120,"КРАСИМИР СТОЯНОВ ПАНДЕВ, Д-Р ГЛИНКА ДИМОВ КОМИТОВ, ДОЦ. Д-Р СТЕФАН НИКОЛАЕВ УЗУНОВ","9158544,02/9158340"
"АДЖИБАДЕМ СИТИ КЛИНИК УМБАЛ ЕООД",София (столица),СОФИЯ 09 рн ЛОЗЕНЕЦ,СОФИЯ 09 рн ЛОЗЕНЕЦ,ул. Околовръстен път №127,"ИЛИАН ГЕОРГИЕВ ГРИГОРОВ, МЕЛИХ КАРАХАСАНОГЛУ, ВЕНЕЛИНА ФИЛИПОВА АТАНАСОВА, АНДРЕЙ ПЪРВАНОВ МАРКОВ, Д-Р САШКА ЛАЗАРОВА РУСКОВА, АТАНАС ИВАНОВ ТУМАНОВ, АЛЕКСАНДЪР ВАЛЕНТИНОВ ИЛИЕВ","02/9604949,02/9604919"
"АДЖИБАДЕМ СИТИ КЛИНИК УМБАЛ ЕООД",София (столица),СОФИЯ 15 рн МЛАДОСТ,СОФИЯ 15 рн МЛАДОСТ,бул. Цариградско шосе №66А,"ИЛИАН ГЕОРГИЕВ ГРИГОРОВ, МЕЛИХ КАРАХАСАНОГЛУ, ВЕНЕЛИНА ФИЛИПОВА АТАНАСОВА, АНДРЕЙ ПЪРВАНОВ МАРКОВ, Д-Р САШКА ЛАЗАРОВА РУСКОВА, АТАНАС ИВАНОВ ТУМАНОВ, АЛЕКСАНДЪР ВАЛЕНТИНОВ ИЛИЕВ","02/9604949,02/9604919"
"АДЖИБАДЕМ СИТИ КЛИНИК УМБАЛ ЕООД",София (столица),СОФИЯ 17 рн ВИТОША,ГР.СОФИЯ КВ.ДРАГАЛЕВЦИ,ул. Константин Помянов-1,"ИЛИАН ГЕОРГИЕВ ГРИГОРОВ, МЕЛИХ КАРАХАСАНОГЛУ, ВЕНЕЛИНА ФИЛИПОВА АТАНАСОВА, АНДРЕЙ ПЪРВАНОВ МАРКОВ, Д-Р САШКА ЛАЗАРОВА РУСКОВА, АТАНАС ИВАНОВ ТУМАНОВ, АЛЕКСАНДЪР ВАЛЕНТИНОВ ИЛИЕВ","02/9604949,02/9604919"
"АДЖИБАДЕМ СИТИ КЛИНИК УМБАЛ ТОКУДА СОФИЯ ЕАД",София (столица),СОФИЯ 09 рн ЛОЗЕНЕЦ,СОФИЯ 09 рн ЛОЗЕНЕЦ,бул. Н. Й. Вапцаров №51Б,"РОСЕН ЕМИЛ ПАНОВ, ЯВОР НИКОЛАЕВ ДРЕНСКИ, ИЛИАН ГЕОРГИЕВ ГРИГОРОВ, Д-Р ВЕНЕЛИНА ФИЛИПОВА АТАНАСОВА","02/4034359,02/4034225"
"АИСМП МЦ ПОЛИМЕД АД",София (столица),СОФИЯ 03 рн ВЪЗРАЖДАНЕ,СОФИЯ 03 рн ВЪЗРАЖДАНЕ,ул. Брегалница №47,ЦВЕТАН ДИМОВ ДИМАНОВ,8157931
"АИСМП-МЦ за очно здраве ВИСТА ООД",Пловдив,ПЛОВДИВ,ГР.ПЛОВДИВ,ул. Александър Стамболийски №31,Д-Р АНТОН ТЕНЕВ АНГЕЛОВ,0889/453545
"АМЦСМП ОМЦ Свети Николай Чудотворец ООД",Варна,ВАРНА,ГР.ВАРНА,ул. Ген. Стефан Тошев №36А,Д-Р ПЛАМЕН СТЕФАНОВ ХУБАНОВ,052630670
"АМЦСМП ОМЦ Свети Николай Чудотворец ООД",Добрич,ДОБРИЧ-ГРАД,ГР.ДОБРИЧ,ул. Хан Кардам №2,Д-Р ПЛАМЕН СТЕФАНОВ ХУБАНОВ,052630670
"АМЦСМП Очна клиника Света Петка АД",Варна,ВАРНА,ГР.ВАРНА,ул. Проф. д-р Георги Георгиев №4,Д-Р ТОШО ВОЙЧЕВ МИТОВ,"052611130,052611131"
"АМЦСМП Очна клиника Света Петка АД",Варна,ВАРНА,ГР.ВАРНА,ул. Иван Драсов №12,Д-Р ТОШО ВОЙЧЕВ МИТОВ,"052611130,052611131"
"АМЦСМП Очна клиника Света Петка АД",Шумен,ШУМЕН,ГР.ШУМЕН,ул. Цар Иван Александър 110А,Д-Р ТОШО ВОЙЧЕВ МИТОВ,"052611130,052611131"
"АМЦСМП Очна клиника д р Хубанов ЕООД",Бургас,БУРГАС,ГР.БУРГАС,бул. Даме Груев №2,Д-Р ПЛАМЕН СТЕФАНОВ ХУБАНОВ,"056/711112,0889/787112"
"АМЦСМП СВЕТА ПЕТКА ООД",Варна,ВАРНА,ГР.ВАРНА,ул. Иван Драсов №12,ДОЦ. Д-Р ТОШО ВОЙЧЕВ МИТОВ,"052611130,052611131"
"АМЦСМП СВЕТА ПЕТКА ООД",Варна,ВАРНА,ГР.ВАРНА,ул. Проф. д-р Георги Георгиев №4,ДОЦ. Д-Р ТОШО ВОЙЧЕВ МИТОВ,"052611130,052611131"
"АМЦСМП СВЕТА ПЕТКА ООД",Варна,ВАРНА,ГР.ВАРНА,бул. Сливница №40,ДОЦ. Д-Р ТОШО ВОЙЧЕВ МИТОВ,"052611130,052611131"
"АМЦСМП Света Петка Ай Кеър ЕООД",Варна,ВАРНА,ГР.ВАРНА,ул. Иван Драсов №10А,ДОЦ. Д-Р ТОШО ВОЙЧЕВ МИТОВ,"052611130,052611131"
"АМЦСМП Света Петка Ай Кеър ЕООД",Варна,ВАРНА,ГР.ВАРНА,ул. Иван Драсов №12,ДОЦ. Д-Р ТОШО ВОЙЧЕВ МИТОВ,"052611130,052611131"
"АМЦСМП Света Петка Ай Кеър ЕООД",Варна,ВАРНА,ГР.ВАРНА,ул. Проф. д-р Георги Георгиев №4,ДОЦ. Д-Р ТОШО ВОЙЧЕВ МИТОВ,"052611130,052611131"
"АСИП-МЦ-ЕВРОХОСПИТАЛ ПЛОВДИВ ЕООД",Пловдив,ПЛОВДИВ,ГР.ПЛОВДИВ,ул. Коматевско шосе №79 партер ет. 1 и ет. 2,Д-Р ТАНКА ДЕЯНОВА ТУХЧИЕВА,"0889474781,032/6207015"
"АСИП-МЦ-ЕВРОХОСПИТАЛ ПЛОВДИВ ЕООД",Пловдив,ПЛОВДИВ,ГР.ПЛОВДИВ,ул. Колхида-продължение ет. 1 каб. №1 №2 и манипулационна,Д-Р ТАНКА ДЕЯНОВА ТУХЧИЕВА,"0889474781,032/6207015"
"АСМП-МЦ-ОКУЛУС-КУШИНОВА ЕООД",Плевен,ПЛЕВЕН,ГР.ПЛЕВЕН,ул. Васил Левски №124,"Д-Р ЙОРДАНКА ГЕОРГИЕВА МАТЕЕВА, Д-Р РУМЕН ДИМИТРОВ МИНКОВ","064/837711"
"АСМП-МЦ-ОКУЛУС-КУШИНОВА ЕООД",Плевен,ПЛЕВЕН,ГР.ПЛЕВЕН,ул. П. Евтимий №5,"Д-Р ЙОРДАНКА ГЕОРГИЕВА МАТЕЕВА, Д-Р РУМЕН ДИМИТРОВ МИНКОВ","064/837711"
"Аджибадем Сити Клиник МЦ Варна ЕООД",Варна,ВАРНА,ГР.ВАРНА,ул. Алеко Константинов №3-5,"Д-Р КАЛИН ЦОНЕВ ЦОНЕВ, ВЕНЕЛИНА ФИЛИПОВА АТАНАСОВА, МЕХМЕТ ОРКУН САРЪБЪЙЪК","070033900,052953251,0892202080"
"Аджибадем Сити Клиник МЦ Варна ЕООД",Варна,ВАРНА,ГР.ВАРНА,ул. Брегалница №1,"Д-Р КАЛИН ЦОНЕВ ЦОНЕВ, ВЕНЕЛИНА ФИЛИПОВА АТАНАСОВА, МЕХМЕТ ОРКУН САРЪБЪЙЪК","070033900,052953251,0892202080"
"БПЛР - филиал гр. Варна при МИ НА МВР",Варна,ВАРНА,ГР.ВАРНА,к.к. Свети Константин и Елена,"ПРОФ. Д-Р НЕНЧО ПЕТРОВ СМИЛОВ, ПРОФ. Д-Р ИЛИЯ АТАНАСОВ БАТАШКИ","052664810,0887232371,052/652496,052/501979"
"БПЛР ВМА-БАНКЯ СОФИЯ",София (столица),СОФИЯ 24 рн БАНКЯ,СОФИЯ 24 рн БАНКЯ,ул. Иван Вазов №5,"Д-Р ГЕОРГИ ДАВИДОВ ДАВИДОВ, Д-Р ИВАН ЛАЛЕВ ДЯНКОВ","02/9977194,02/9777149"
"БПЛР МИ МВР – ФИЛИАЛ БАНКЯ СОФИЯ",София (столица),СОФИЯ 24 рн БАНКЯ,СОФИЯ 24 рн БАНКЯ,ул. Хисар №2,"ПРОФ. Д-Р ДАНИЕЛА ВАЛЕНТИНОВА МОНОВА, ДОЦ. Д-Р ИЛИЯ АТАНАСОВ БАТАШКИ",02/9821506
"БПЛР МИ-МВР филиал Хисар",Пловдив,ХИСАРЯ,ГР.ХИСАРЯ,Бул. Иван Вазов №2,"ПРОФ. Д-Р НЕНЧО ПЕТРОВ СМИЛОВ, Д-Р ТОДОР ВАСИЛЕВ ТОДОРОВ, ИЛИЯ АТАНАСОВ БАТАШКИ","0337/62146,0337/62051"
"ВМА- Болница за продължително лечение и рехабилитация- Хисаря",Пловдив,ХИСАРЯ,ГР.ХИСАРЯ,ул. Илин Паунов №1,"Д-Р АЛЕКСАНДЪР ТОНЕВ АЛЕКСАНДРОВ, Д-Р БОЖКО ИВАНОВ БОЖКОВ","0337/60201,0337/62089"
"ВМА-МБАЛ-ПЛЕВЕН",Плевен,ПЛЕВЕН,ГР.ПЛЕВЕН,ул. Г. Кочев 6,"Д-Р РОСЕН ИВАНОВ АНТИНОВ, ДИМИТЪР СТОЙЧЕВ РАДАНОВ, БОЯН МИЛЧЕВ КУЧЕВ, Д-Р НИКОЛАЙ ВЪЛОВ ТРИФОНОВ","064822875,064/890604,0888/155507,064890608"
"ВОЕННОМЕДИЦИНСКА АКАДЕМИЯ",София (столица),СОФИЯ 10 рн ТРИАДИЦА,СОФИЯ 10 рн ТРИАДИЦА,ул. Св. Георги Софийски №3,"ГЕНЕРАЛ-МАЙОР ПРОФ. ВЕНЦИСЛАВ МЕТОДИЕВ МУТАФЧИЙСКИ, ГЕН.МАЙОР ПРОФ. СТОЯН ДИМИТРОВ ТОНЕВ, ПОЛК.ДОЦ. КРУМ СОТИРОВ КАЦАРОВ, ГЕНЕРАЛ МАЙОР ЧЛ. КОР. ПРОФ. НИКОЛАЙ ПЕТРОВ",9226000
"ВТОРА САГБАЛ ШЕЙНОВО ЕАД",София (столица),СОФИЯ 01 рн СРЕДЕЦ,СОФИЯ 01 рн СРЕДЕЦ,ул. Шейново №19,"Д-Р РУМЕН ЛЮБЕНОВ ВЕЛЕВ, ИВАН АТАНАСОВ КОСТОВ, Д-Р ТАНЯ ЛЮБОМИРОВА АНДРЕЕВА-РАЙНОВА","02/9659430,9441163"
"ДИАГНОСТИЧНО-КОНСУЛТАТИВЕН ЦЕНТЪР 1 ЯМБОЛ ЕООД",Ямбол,ЯМБОЛ,ГР.ЯМБОЛ,ул. Христо Смирненски №2,"АНТОН СТОЯНОВ ИВАНОВ, ВЕНЦИСЛАВ ИВАНОВ СЛАВОВ, ЕЛЕОНОРА МИТЕВА КОСТАДИНОВА","046600020,046669027,0893303480"
"ДИАГНОСТИЧНО-КОНСУЛТАТИВЕН ЦЕНТЪР 1 ЯМБОЛ ЕООД",Ямбол,ЯМБОЛ,ГР.ЯМБОЛ,ул. Ивайло №1,"АНТОН СТОЯНОВ ИВАНОВ, ВЕНЦИСЛАВ ИВАНОВ СЛАВОВ, ЕЛЕОНОРА МИТЕВА КОСТАДИНОВА","046600020,046669027,0893303480"
"ДИАГНОСТИЧНО-КОНСУЛТАТИВЕН ЦЕНТЪР 1 ЯМБОЛ ЕООД",Ямбол,ЯМБОЛ,ГР.ЯМБОЛ,ул. Българка 2,"АНТОН СТОЯНОВ ИВАНОВ, ВЕНЦИСЛАВ ИВАНОВ СЛАВОВ, ЕЛЕОНОРА МИТЕВА КОСТАДИНОВА","046600020,046669027,0893303480"
"ДИАЛИЗЕН ЦЕНТЪР ДИАЛИЗА ЕТРОПАЛ БЕТА ЕООД",Бургас,НЕСЕБЪР,ГР.НЕСЕБЪР,ул. Иван Вазов №11 Общинска здравна къща - Несебър,"Д-Р ЗЛАТИНА ГЕОРГИЕВА МИРИНЧЕВА, Д-Р ХРИСТО ДИМИТРОВ ХРИСТОВ, ТЕМЕНУГА СТОЯНОВА ТИХОЛОВА, АЛБЕНА ТОТЕВА СТОЯНОВА","0554/44230,0899/992802"
"ДИАЛИЗЕН ЦЕНТЪР ОМЕГА ЕООД",Видин,ВИДИН,ГР.ВИДИН,ул. Найчо Цанов №12,Д-Р ВАЛЕРИ ХРИСТОВ ХРИСТОВ,0888765454
"ДИАЛИЗЕН ЦЕНТЪР ВИРТУС МЕДИКАЛ ЕООД",Варна,ВАРНА,ГР.ВАРНА,ул. Херман Шкорпил №6,ПРОФ. Д-Р ВАЛЕНТИН ХРИСТОФОРОВ ИКОНОМОВ,052600002
"ДИАЛИЗЕН ЦЕНТЪР ХЕМОМЕД ЕООД СОФИЯ",София (столица),СОФИЯ 10 рн ТРИАДИЦА,СОФИЯ 10 рн ТРИАДИЦА,бул. България №104,Д-Р ПАВЛИНА СЛАВЧЕВА ПАУНОВА,0888806167
"ДКЦ ІІ-ПЛЕВЕН ЕООД",Плевен,ПЛЕВЕН,ГР.ПЛЕВЕН,ул. Сан Стефано №1,Д-Р МАРИАНА ПЕТРОВА ЛАЗАРОВА-ИВАНОВА,"064/807001,064888222"
"ДКЦ ІІ-ПЛЕВЕН ЕООД",Плевен,ПЛЕВЕН,ГР.ПЛЕВЕН,ж.к. Дружба бл 112 вх.В ет 1,Д-Р МАРИАНА ПЕТРОВА ЛАЗАРОВА-ИВАНОВА,"064/807001,064888222"
"ДКЦ НЕОКЛИНИК ЕАД",София (столица),СОФИЯ 10 рн ТРИАДИЦА,СОФИЯ 10 рн ТРИАДИЦА,бул. Петко Ю. Тодоров №20,"ВАЛЕНТИН ДИМИТРОВ ДИМИТРОВ, АТАНАС ИВАНОВ ТУМАНОВ, ЙОРДАНКА СТАНИМИРОВА ЯНАКИЕВА",070010744
"ДКЦ СВЕТИ ПАНТАЛЕЙМОН ООД",Плевен,ПЛЕВЕН,ГР.ПЛЕВЕН,ул. Хан Крум №2,"Д-Р ЕЛИЗА ЛЮБЕНОВА ГЕОРГИЕВА, Д-Р ЙОРДАН ГЕОРГИЕВ ГЕОРГИЕВ","064/872020"
"ДКЦ СВЕТИ ПАНТАЛЕЙМОН ООД",Плевен,ПЛЕВЕН,ГР.ПЛЕВЕН,ж.к. Дружба ул. Трите бора №24,"Д-Р ЕЛИЗА ЛЮБЕНОВА ГЕОРГИЕВА, Д-Р ЙОРДАН ГЕОРГИЕВ ГЕОРГИЕВ","064/872020"
"ДКЦ ХІV СОФИЯ ЕООД",София (столица),СОФИЯ 10 рн ТРИАДИЦА,СОФИЯ 10 рн ТРИАДИЦА,ул. Стефан Сарафов №7,"МИЛЕН ПЕТКОВ ДИМОВ, МАРИАНА МЕТОДИЕВА ВАСИЛЕВА-МАКСИМОВА, РАЙКО СТЕФАНОВ ЦВЕТКОВ","02/9521363,02/9521546"
"ДКЦ ХХХ СОФИЯ ЕООД","София (столица)","СОФИЯ 20 рн ВРЪБНИЦА","ГР.СОФИЯ, КВ.ОБЕЛЯ","Р-Н ВРЪБНИЦА, Ж.К. ОБЕЛЯ 2","ЦВЕТАН ИВАНОВ НЕДЯЛКОВ, РОСЕН АЛЕКСАНДРОВ ФИДАНОВ, СЛАВИ ЕВСТАТИЕВ СЛАВЧЕВ, НЕЛИ ГЕОРГИЕВА ГЕОРГИЕВА-ТАИНОВА, ВЕЛИЗАР ДИМИТРОВ ДИЛОВ, ГАНЧО ВИТАНОВ ПЕНЕВ","934 0062,834 1615"
"ДЦ - П","Перник","ПЕРНИК","ГР.ПЕРНИК","ул. Златоград №1","ДОЦ. Д-Р АЛЕКСАНДЪР ИВАНОВ ОСИЧЕНКО","0884933100,076/593924"
"ДЦ ФЪРСТ ДИАЛИЗИС СЪРВИСИЗ БЪЛГАРИЯ ЕАД ГР. МОНТАНА","Монтана","МОНТАНА","ГР.МОНТАНА","ул. Никола Трендафилов - Колич №7","ИРЕНА АСЕНОВА ДИМИТРОВА","0899616167"
"ДЦ Фърст Диализис Сървисиз България ЕАД Пловдив","Пловдив","ПЛОВДИВ","ГР.ПЛОВДИВ","ул. Колхида – продължение","Д-Р ВАЛЕРИ ДИМИТРОВ ЦЕКОВ","032/398899"
"ДЦ ХИПОКРАТ ЕООД","Варна","ВАРНА","ГР.ВАРНА","ул. Дубровник № 58","ДОЦ. Д-Р МИХАИЛ ЦАНЕВ ДЕЛИЙСКИ, Д.М, АДВ. ПОЛЯ ВЕЛИКОВА ДИМИТРОВА-ЧЕНЕВА, ДАРИН РУСЕВ ЧЕНЕВ","0888814550"
"ДЦ – ДИАЛМЕД ООД СОФИЯ","София (столица)","СОФИЯ 10 рн ТРИАДИЦА","СОФИЯ 10 рн ТРИАДИЦА","ул. Голям Братан № 8","Д-Р ИВАЙЛО НАЧЕВ СРЕДКОВ, Д-Р КИРИЛ АНГЕЛОВ АНАДОЛИЙСКИ, ГЕОРГИ НЯГОЛОВ ЛАЗАРОВ, АННА БОРИСОВА КОТЕВА-ЧОЛАКОВА",""
"Диализен център ВИА ДИАЛ ООД","Стара Загора","СТАРА ЗАГОРА","ГР.СТАРА ЗАГОРА","ул. Армейска № 13, вх. А, ет. 1","Д-Р ВАСИЛ ТОНЧЕВ ЧОЛАКОВ","0886846166,0887709758"
"Дъчмед Диализа България - Диализен център Шумен ЕООД","Шумен","ШУМЕН","ГР.ШУМЕН","ул. Царевец № 23","ХАРТЮН ЛЕВОН АВЕДИСЯН","0889435608"
"Дъчмед Диализа България-ДЦ Пазарджик","Пазарджик","ПАЗАРДЖИК","ГР.ПАЗАРДЖИК","ул. Царица Йоанна №6","ПЛАМЕН АСЕНОВ МАРТЕВ, ЗДРАВКО ЕМИЛОВ КРАЕВ, ИВАН СТЕФАНОВ ХАРИЗАНОВ","0884 425 455,034499220"
"Дъчмед Диализа България-ДЦ ЕООД","Пловдив","ПЛОВДИВ","ГР.ПЛОВДИВ","ул. Съединение №42, сградата на ДКЦ V","Д-Р АНАТОЛИЙ РАНГЕЛОВ БАШЕВ, ЗДРАВКО ЕМИЛОВ КРАЕВ, ПАНЧО СТАВРЕВ, ПЛАМЕН АСЕНОВ МАРТЕВ, МИРОСЛАВА НИКОЛОВА МИЛЧЕВА - ТОДОРОВА, ПЛАМЕН АСЕНОВ МАРТЕВ","02/9200384"
"КОЦ Велико Търново ЕООД","Велико Търново","ВЕЛИКО ТЪРНОВО","ГР.ВЕЛИКО ТЪРНОВО","ул. Бузлуджа № 1","Д-Р ИВАН ИЛИЕВ НИКОЛОВ, Д-Р МАРИЯ ИВАНОВА РАЧЕВА","062620249"
"КОЦ Враца ЕООД","Враца","ВРАЦА","ГР.ВРАЦА","бул. Втори юни №68","Д-Р ГЕОРГИ ЙОРДАНОВ ЕЗЕКИЕВ, Д-Р ЖУЛИЕТА ЦВЕТКОВА ЦОЛОВА, Д-Р ГРИГОР ТОМОВ ГРИГОРОВ","092/622549"
"КОЦ Пловдив ЕООД","Пловдив","ПЛОВДИВ","ГР.ПЛОВДИВ","бул. Александър Стамболийски № 2 А; бул. Васил Априлов № 15А","ДОЦ. Д-Р ТИХОМИР МИШЕВ ДЕРМЕНДЖИЕВ, ГЕОРГИ ЯНКОВ РАЙЧЕВ, АНТОАНЕТА ДИМИТРОВА ТОМОВА, НИКОЛА ХАРАЛАМБЕВ АНАНОЩЕВ, НЕДЯЛКА ИВАНОВА МИТОВА, КАЛИН КАЛИНОВ, КРАСИМИР СПАСОВ ВАЛЬОВ, МАРИАННА ПЕТРОВА ЯНЕВА, ПАРАШКЕВ МИЛЧЕВ ЦВЕТКОВ, ПЛАМЕН САВОВ ФОТЕВ","032/643831,032/644388"
"КОЦ Русе ЕООД","Русе","РУСЕ","ГР.РУСЕ","ул. Стоян Заимов № 2А; ул. Независимост 2","КАМЕН ЕМИЛОВ КОЖУХАРОВ, ГАЛИНА ХРИСТОВА ГАНЧЕВА","082/819910,082/834339,082/819911"
"КОЦ Стара Загора ЕООД","Стара Загора","СТАРА ЗАГОРА","ГР.СТАРА ЗАГОРА","ул. Д-р Тодор Стоянович № 15","Д-Р ПЕТЬО ВЪЛЧЕВ ЧИЛИНГИРОВ","042/627 125"
"КОЦ-ШУМЕН ЕООД","Шумен","ШУМЕН","ГР.ШУМЕН","ул. Васил Априлов 63","СВИЛЕН СТЕФАНОВ АРНАУДОВ, СОТИР СТОЯНОВ КАРАНИКОЛОВ","054/800832,054/800746"
"МБАЛ Д-Р НИКОЛА ВАСИЛИЕВ АД","Кюстендил","КЮСТЕНДИЛ","ГР.КЮСТЕНДИЛ","пл. 17 Януари 1","ДИМИТЪР БОЖИДАРОВ СТОИЛОВ, МИХАИЛ КИРИЛОВ ЗОРТЕВ, АЛЕКСАНДЪР СТЕФАНОВ ВЕЛИЧКОВ","078/550261"
"МБАЛ СВ. ИВАН РИЛСКИ ЕООД","Кюстендил","ДУПНИЦА","ГР.ДУПНИЦА","ул. Свети Георги 2; ул. Отец Паисий 2","СТЕФАН АСПАРУХОВ НИКОЛОВ, ЛЮБОМИР БОЯНОВ ТАУШАНСКИ, РОСЕН АНГЕЛОВ ТИМЧЕВ, ДИМИТЪР ГЕОРГИЕВ НЕДИН, ВЛАДИСЛАВ ИВАНОВ МИКОВ, МАРИЯ ИВАНОВА ЖАЙГАРОВА","0701/51826"
"МБАЛ КНЯГИНЯ КЛЕМЕНТИНА - СОФИЯ ЕАД","София (столица)","СОФИЯ 05 рн СЕРДИКА","СОФИЯ 05 рн СЕРДИКА","бул. Столетов № 67 А","Д-Р ВАСКО МИНКОВ КАЦАРОВ, Д-Р БОРИЛ ПЕТРОВ ПЕТРОВ","02/9268105"
"МБАЛ Паркхоспитал ЕООД","Пловдив","РОДОПИ","С.БРАНИПОЛЕ","местност Герена 020Г","Д-Р СВИЛЕН ШИДЕРОВ ПОПОВ, АНТОН СТОЯНОВ МИХНЕВ, ГАЛИНА КАРАУЛАНОВА, ЗДРАВКО ФЕЛИКСОВ КАБАДОЗОВ","032/280307,0879/606042,032/677027"
"МБАЛ Професор доктор Георги Златарски ЕООД","Видин","БЕЛОГРАДЧИК","ГР.БЕЛОГРАДЧИК","ул. Христо Ботев №34","ЛИЛИЯ ИВАНОВА НЕСТОРОВА-ТРИФОНОВА, Д-Р ПЕТЯ НИКОЛОВА РУСКОВА, ПЕТЯ НИКОЛОВА РУСКОВА, Д-Р ВИОЛЕТА ИЛИЕВА ДОЧКОВА, Д-Р СОНЯ ИВАНОВА АНГЕЛОВА","0936/53360"
"МБАЛ Св.Св.Козма и Дамян ООД Пловдив","Пловдив","ПЛОВДИВ","ГР.ПЛОВДИВ","ж.к. Тракия, ул. Маестро Георги Атанасов №19; ж.к. Тракия, бул. Освобождение №79","Д-Р ЗОРНИЦА ВЕСЕЛИНОВА СОТИРОВА, КОНСТАНТИН АНГЕЛОВ ВЛАХОВ","032990047"
"МБАЛ - Варна ЕООД","Варна","ВАРНА","ГР.ВАРНА","Р-Н ОДЕСОС, ПЛ. П.СЛАВЕЙКОВ № 1","ДОЦ. Д-Р ГЕОРГИ ПЕТКОВ ИЛИЕВ, Д-Р РУСИ ПАРАШКЕВОВ РУСЕВ","0877529374,052692009,052632234"
"МБАЛ - Д-Р АСЕН ВЕЛЕВ ЕООД","Благоевград","РАЗЛОГ","ГР.РАЗЛОГ","УЛ. СВ. СВ. КИРИЛ И МЕТОДИЙ №2","МАГДАЛЕНА НИКОЛОВА КОЦАКОВА, БОЖИДАР АСЕНОВ ВЕЛЕВ, РАДКА ВЛАДИМИРОВА БОЖИКОВА","0747/89282,0896/787799"
"МБАЛ - Девня ЕООД","Варна","ДЕВНЯ","ГР.ДЕВНЯ","ул. Петрича № 10А","ДОБРОМИР ПЛАМЕНОВ ФИЛИПОВ, Д-Р СТОЯН ДИМИТРОВ КАЛОЯНОВ, КРАСИМИР ВАСИЛЕВ ДИНКОВ, Д-Р АНТОАНЕТА ЖЕЛЯЗКОВА ГЕОРГИЕВА, Д-Р КРАСИМИР ВАСИЛЕВ ДИНКОВ, КОНСТАНТИН ЕНЧЕВ ЯНКОВ, ДОЦ. Д-Р ИВАН ТЕНЧЕВ ГЪЛЪБОВ, Д-Р СНЕЖАНА ЙОВЧЕВА ВАСИЛЕВА, Д-Р КИРИЛ ВЪРБАНОВ ЛОЗАНОВ, МИГЛЕНА СТЕФАНОВА БОЯДЖИЕВА","0519/93490,0519/92433"
"МБАЛ - Първомай ЕООД","Пловдив","ПЪРВОМАЙ","ГР.ПЪРВОМАЙ","ул. Княз Борис І №51","Д-Р РУМЯНА ДИМИТРОВА БОЙЛОВА, ИВАН ЯНЧЕВ МАДЖАРОВ, МАРИЯ СПАСОВА НИКЕЗОВА, АТАНАСКА ЙОРДАНОВА ИВАНОВА, ДИМИТЪР КИРТИКОВ","0336/63165,0882/337666,0336/98047"
"МБАЛ - ШУМЕН АД","Шумен","ШУМЕН","ГР.ШУМЕН","ул. Васил Априлов 63","ДИМИТЪР ГЕОРГИЕВ КОСТОВ, ЮЛИЯ ДИМИТРОВА ИЛИЕВА, АТАНАС ГЕОРГИЕВ АТАНАСОВ, НЕДКО ПЛАМЕНОВ ТОДОРОВ, ВИКТОР МИНЧЕВ ДИМИТРОВ, ВАЛЕНТИН ТОДОРОВ СЕМКОВ","054/800751,054/855755,054/800733"
"МБАЛ - ШУМЕН АД","Шумен","НОВИ ПАЗАР","ГР.НОВИ ПАЗАР","ул. Христо Ботев 22","ДИМИТЪР ГЕОРГИЕВ КОСТОВ, ЮЛИЯ ДИМИТРОВА ИЛИЕВА, АТАНАС ГЕОРГИЕВ АТАНАСОВ, НЕДКО ПЛАМЕНОВ ТОДОРОВ, ВИКТОР МИНЧЕВ ДИМИТРОВ, ВАЛЕНТИН ТОДОРОВ СЕМКОВ","054/800751,054/855755,054/800733"
"МБАЛ АРДИНО ЕООД","Кърджали","АРДИНО","ГР.АРДИНО","ул. София №14","ГЮНЕР БЕХЧЕТ ОСМАН, СЕБАХТИН МЕХМЕД ХАДЖИСЕИД, АДАМ ПЕРСЕНСКИ, КАЛОЯН АДАМОВ ПЕРСЕНСКИ","03651/4204,0898654161"
"МБАЛ Асеновград ЕООД","Пловдив","АСЕНОВГРАД","ГР.АСЕНОВГРАД","ул. Александър Стамболийски №28","Д-Р МАРИЯ НИКОЛОВА ДАРАКЧИЕВА, СПАС АТАНАСОВ КОЖУХАРОВ, ИВАН ЙОВКОВ ЧЕРВЕНКОВ, КРАСИМИР АТАНАСОВ КАЛИНОВ","0331/20450,0331/27146"
"МБАЛ БОЛНИЦА ЕВРОПА ООД СОФИЯ","София (столица)","СОФИЯ 02 рн КРАСНО СЕЛО","СОФИЯ 02 рн КРАСНО СЕЛО","бул. Пенчо Славейков № 2","ПРОФ.Д-Р ВЕНЦИСЛАВ ТОДОРОВ ЦВЕТКОВ, ДОЦ. Д-Р ВЛАДИСЛАВ БОРИСОВ ИВАНОВ, ДОЦ. Д-Р ВЛАДИСЛАВ БОРИСОВ ИВАНОВ И Д-Р ВЕНЦИСЛАВ ТОДОРОВ ИВАНОВ -ЗАЕДНО И ПООТДЕЛНО","0887111152"
"МБАЛ Благоевград АД","Благоевград","БЛАГОЕВГРАД","ГР. БЛАГОЕВГРАД","УЛ. СЛАВЯНСКА №60","ДИМИТЪР ГЕОРГИЕВ ДИМИТРОВ, МАГДАЛЕНА СТЕФАНОВА СИМЕОНОВА, ПЕТЪР САШОВ ГАЙДАРСКИ, ЕКАТЕРИНА ИЛИЕВА ЧАКАЛСКА, КРАСИМИР ГЕОРГИЕВ МИХАЙЛОВ, Д-Р ВЛАДИМИР ВИТКОВ ПАНДЕВ, ОГНЯН СТЕФАНОВ МИТЕВ","073/8292329,073/884129,0879/535253"
"МБАЛ Бяла Слатина ЕООД","Враца","БЯЛА СЛАТИНА","ГР.БЯЛА СЛАТИНА","ул. Захари Стоянов №1","Д-Р СВЕТЛАНА КИРИЛОВА ТОДОРОВА, ОГНЯН МАРИНОВ КОЖУХАРОВ, Д-Р ОГНЯН КОЖУХАРОВ, Д-Р ИВКА ИВАНОВА ГЕОРГИЕВА, НИКОЛАЙ СТЕФАНОВ ДИМОВ, КРАСЕН ГЕОРГИЕВ КРЪСТЕВ","0915/82900,0878/473094,0915/82335,0878 473 106,0889999239"
"МБАЛ ВАРНА КЪМ ВМА","Варна","ВАРНА","ГР.ВАРНА","БУЛ. ХРИСТО СМИРНЕНСКИ № 3","ХРИСТО СТОЯНОВ БОЗОВ, ПОЛК. ПРОФ. Д-Р ИВАЙЛО ПЕТРОВ ВЪЖАРОВ, ДМ","052386210,052386334"
"МБАЛ ВЕЛИКИ ПРЕСЛАВ ЕООД","Шумен","ВЕЛИКИ ПРЕСЛАВ","ГР.ВЕЛИКИ ПРЕСЛАВ","ул. Любен Каравелов 51","НЕЛИ НИКОЛОВА ТОДОРОВА, МИЛЧО СТАНЧЕВ МАВРОДИНОВ, РАДИ КОСТАДИНОВ РАДЕВ, ИВАН ПЕТКОВ ДИМИТРОВ, ЙОШЕНКА НЕНЧЕВА ЖЕЛЯЗКОВА-РУСЕВА","0538/42307"
"МБАЛ ВЕЛИМЕД ЕООД","Пазарджик","ВЕЛИНГРАД","ГР.ВЕЛИНГРАД","бул. Съединение №49","ГЕОРГИ АНГЕЛОВ ДОШЕВ, ЙОРДАНКА ТОДОРОВА САВОВА, ЙОРДАНКА ТОДОРОВА САВОВА, ТОДОР ВАСИЛЕВ УШЕВ, КОСТАДИН НИКОЛОВ ПАУНОВ","0359/54298"
"МБАЛ ВИТА ЕООД СОФИЯ","София (столица)","СОФИЯ 07 рн СЛАТИНА","СОФИЯ 07 рн СЛАТИНА","ул. Драговица № 9","Д-Р ТИХОМИР КОСТОВ САВЧЕВ",""
"МБАЛ ВИТА ЕООД СОФИЯ","София (столица)","СОФИЯ 09 рн ЛОЗЕНЕЦ","СОФИЯ 09 рн ЛОЗЕНЕЦ","ул. Филип Кутев № 10","Д-Р ТИХОМИР КОСТОВ САВЧЕВ",""
"МБАЛ Д-Р БРАТАН ШУКЕРОВ АД","Смолян","СМОЛЯН","ГР.СМОЛЯН","бул. България № 2","МАРИН ДИМИТРОВ ДАРАКЧИЕВ, АНТОН ГОРЧЕВ ЛАЛОВ, ЕЛЕНА ТОШЕВА СЛАВКОВА-СИДЕНКО, ДОЦ. Д-Р ВЛАДИСЛАВ БОРИСОВ ИВАНОВ, МАРИН ДИМИТРОВ ДАРАКЧИЕВ, НИНА САШЕВА ШЕХОВА-ЯНКОВА","0301/62395,0301/62549"
"МБАЛ Д-Р СТАМЕН ИЛИЕВ АД","Монтана","МОНТАНА","ГР.МОНТАНА","Сирма Войвода № 4; ул. Сирма Войвода №2","Д-Р ТОДОР БОРИСОВ ТОДОРОВ, Д-Р ЦВЕТАН ГЕОРГИЕВ ТОДОРОВ","096/305150"
"МБАЛ Д-Р ХРИСТО СТАМБОЛСКИ ЕООД","Стара Загора","КАЗАНЛЪК","ГР.КАЗАНЛЪК","ул. Старозагорска №16","Д-Р КЕТИ ПЕТРОВА МАНАЛОВА-ВЛАДКОВА","0431/65300,0431/65665"
"МБАЛ Д-р Иван Селимински - Сливен АД","Сливен","КОТЕЛ","ГР.КОТЕЛ","ул. Изворска №85; ул. Раковска №3","Д-Р ВАСИСЛАВ ПЕТРОНИЕВ ПЕТРОВ, Д-Р МЕТОДИ БОРИСОВ ПОПСТОЙКОВ, Д-Р ЙОРДАН НИКОЛАЕВ КОТОВ","044/611701,044/624326"
"МБАЛ Д-р Иван Селимински - Сливен АД","Сливен","СЛИВЕН","ГР.СЛИВЕН","ул. Сергей Румянцев №2; бул. Хаджи Димитър №41а; ул. Стефан Караджа №2; ул. Криволак №13; НК Сливенски минерални бани; бул. Христо Ботев №1","Д-Р ВАСИСЛАВ ПЕТРОНИЕВ ПЕТРОВ, Д-Р МЕТОДИ БОРИСОВ ПОПСТОЙКОВ, Д-Р ЙОРДАН НИКОЛАЕВ КОТОВ","044/611701,044/624326"
"МБАЛ Д-р Киро Попов - Карлово ЕООД","Пловдив","КАРЛОВО","ГР.КАРЛОВО","ул. Ген. майор Гурко Мархолев №3","Д-Р ДАНИЕЛ ЛИЛОВ ПРАНДЖЕВ, ДОБРИНКА ТАНЧЕВА ЧУЛКОВА, ЦВЯТКО МИТОВ ИМИРСКИ, АНДРЕАН МИЛКОВ МИНЕВ, ХРИСТО ПЕЛЕВ, ОБРЕЙКО ГЕОРГИЕВ ОБРЕЙКОВ","0335/90802,0335/94945"
"МБАЛ Д-р Стойчо Христов ЕООД Севлиево","Габрово","СЕВЛИЕВО","ГР.СЕВЛИЕВО","ул. Стефан Пешев № 147","Д-Р ПЛАМЕН ГЕОРГИЕВ ЦЕКОВ, ХРИСТО ДОБРЕВ ДОБРЕВ, ДОБРОМИР ИЛИЕВ ИЛКОВСКИ, НАЙДЕН КОЛЕВ СЪРДЪМОВ, БОЖИДАР ПАРАЛЧЕВ, Д-Р МЛАДЕН КОЛЕВ ПЕНЧЕВ","0675/30078,0675/32579"
"МБАЛ Д-р Тота Венкова АД Габрово","Габрово","ГАБРОВО","ГР.ГАБРОВО","ул. Д-р Илиев-Детския № 1","МИНКО ЦВЯТКОВ МИХОВ, БОЖИДАР БОГОМИЛОВ ПАРАЛЧЕВ, НЕЛИ ИВАНОВА САВЧЕВА","066/800243,066/808911"
"МБАЛ ДЕВИН ЕАД","Смолян","ДЕВИН","ГР.ДЕВИН","ул. Явор № 3","Д-Р ПЕТЪР ГЕОРГИЕВ ДЕЧЕВ, Д-Р КОСТАДИН БОГДАНОВ КАЛАЙДЖИЕВ, МАРИЯ ДИМИТРОВА, Д-Р ПЕТЪР ДЕЧЕВ, РАДКА МИНЧЕВА ГРОЗДАНОВА, Д-Р ТАТЯНА ПАМПУЛОВА, Д-Р ЯВОР БУКОВ, Д-Р ЧАВДАР АНАТОЛОВ МАРИНОВ","030412511,0879905733,03015/8111"
"МБАЛ ДОВЕРИЕ АД СОФИЯ","София (столица)","СОФИЯ 18 рн ОВЧА КУПЕЛ","СОФИЯ 18 рн ОВЧА КУПЕЛ","ж.к. Овча купел 2, ул. Фридрих Грюнангер № 2","ДИМИТЪР СТЕФАНОВ ГУГУТКОВ, СИЙКА ДОБРЕВА АНДРЕЕВА, ПЕТЪР ЙОРДАНОВ КЕРЕМЕДЧИЕВ, НИКОЛАЙ ГРИГОРОВ ДИМИТРОВ","4005990/401"
"МБАЛ ДР АТАНАС ДАФОВСКИ АД","Кърджали","КЪРДЖАЛИ","ГР.КЪРДЖАЛИ","бул. Беломорски №53","ТОДОР ДИМИТРОВ ЧЕРКЕЗОВ","0361/65811,0361/65809"
"МБАЛ ДР СЕРГЕЙ РОСТОВЦЕВ ЕООД","Кърджали","МОМЧИЛГРАД","ГР.МОМЧИЛГРАД","ул. Стефан Караджа №1","ДЖАН САДУЛЛА МАЧАН, МЛАДЕН АСЕНОВ КЪРОВ","036316109,03631/8118"
"МБАЛ ДУЛОВО ЕООД","Силистра","ДУЛОВО","ГР.ДУЛОВО","УЛ. РОЗОВАДОЛИНА №37","ЯНИТА КОЛЕВА АНДРЕЕВА, АЛИ АЛИ СЕЛИМАН, НЕДКА ГЕОРГИЕВА ЦВЕНКОВА, СТЕФАН ХРИСТОВ СТОЙЧЕВ, КОНСТАНТИН ВЛАДИМИРОВ ПОПОВ","086423200,086423029"
"МБАЛ ЕВРОХОСПИТАЛ ООД ВАРНА","Варна","ВАРНА","С.ВИНИЦА","кв. Виница, ул. Найден Райков №2А","ПЛАМЕН СТЕФАНОВ ПАВЛОВ, ВЕСЕЛИН МИХАЙЛОВ БАЛКАНСКИ, Д-Р АСЕН СЛАВОВ СТАНЧЕВ, Д-Р ЧАВДАР АТАНАСОВ ДОБРЕВ","052/387900,052/387927"
"МБАЛ Живот плюс ЕООД","Кърджали","КРУМОВГРАД","ГР.КРУМОВГРАД","ул. Христо Ботев №2","МАРИЯ ИВАНОВА СТЕФАНОВА","03641/7270,03641/7271"
"МБАЛ ЗА ЖЕНСКО ЗДРАВЕ НАДЕЖДА ООД СОФИЯ","София (столица)","СОФИЯ 11 рн КРАСНА ПОЛЯНА","СОФИЯ 11 рн КРАСНА ПОЛЯНА","ул. Блага вест № 3","Д-Р АНЕЛИЯ МАРИНОВА РАЧЕВА-КОТОВА","0882449370"
"МБАЛ ЗДРАВЕТО 2012 ООД СОФИЯ","София (столица)","СОФИЯ 02 рн КРАСНО СЕЛО","СОФИЯ 02 рн КРАСНО СЕЛО","гр. София, ж.к. Красно село, ул. Маестро Кънев № 4","ДИМИТЪР ПЛАМЕНОВ МИТЕВ, Д-Р ПЛАМЕН ДИМИТРОВ МИТЕВ, Д-Р ПЛАМЕН ДИМИТРОВ МИТЕВ И ДОЦ. АЛБЕНА ТОДОРОВА МИТЕВА -ЗАЕДНО, АЛБЕНА ТОДОРОВА КРАЕВА-МИТЕВА","02/9524297,0888 869620"
"МБАЛ Иван Скендеров ЕООД","Благоевград","ГОЦЕ ДЕЛЧЕВ","ГР.ГОЦЕ ДЕЛЧЕВ","УЛ. СТАРА ПЛАНИНА №54","МИЛАН АЛЕКСАНДРОВ ПЪРВАНОВ, ВЛАДИСЛАВ НИКОЛАЕВ УЛЕВИНОВ, ПЕТЪР ГЕОРГИЕВ ФИЛИБЕВ, МАРИЯ ИВАНОВА РАДОЙКОВА-ПОПОВА","0751/95135,0889/878701,0887/938327,0884/111971"
"МБАЛ Кърджали ООД","Кърджали","КЪРДЖАЛИ","ГР.КЪРДЖАЛИ","бул. Тракия №19, ет.3","ЖИВКО ИВАНОВ РАЙЧЕВ","0361/66555"
"МБАЛ ЛОЗЕНЕЦ ЕАД","София (столица)","СОФИЯ 09 рн ЛОЗЕНЕЦ","СОФИЯ 09 рн ЛОЗЕНЕЦ","УЛ. КОЗЯК № 1","ДОЦ. Д-Р РАДОСВЕТ ПЕТРОВ ГОРНЕВ, Д-Р ХРИСТО ВАЛЕНТИНОВ СТОЯНОВ, Д-Р ОЛГА ВЛАДИМИРОВА МИЦОВА - МАСЛАРОВА","9607607"
"МБАЛ ЛЮЛИН ЕАД СОФИЯ","София (столица)","СОФИЯ 19 рн ЛЮЛИН","СОФИЯ 19 рн ЛЮЛИН","ж.к. Люлин-6 бул. Д-р Петър Дертлиев № 81и № 90, ул. Ал. Пушкин № 71","Д-Р АНГЕЛ ЛЮБЕНОВ ПОПОВ, Д-Р ГЕОРГИ МИХАЙЛОВ ГЕОРГИЕВ","02/8108906,02/8108909"
"МБАЛ Луковит ЕООД","Ловеч","ЛУКОВИТ","ГР.ЛУКОВИТ","Княз Борис І 52","ИВАН ГЕНОВ ИВАНОВ, ГАЛИНА ЛЮБЕНОВА СТОЯНОВА","0697/54086,0894792010"
"МБАЛ МК Свети Иван Рилски ЕООД Пловдив","Пловдив","ПЛОВДИВ","ГР.ПЛОВДИВ","бул.В.Левски 144 А-А","Д-Р НИКОЛАЙ НЕШЕВ САЛУТСКИ","032/674113,032/674112"
"МБАЛ Майчин дом-Варна ЕООД","Варна","ВАРНА","ГР.ВАРНА","ул. Мир №1","Д-Р МАКСИМ ИСАК ЯКОВ","052/383850,052/383858"
"МБАЛ Мед Лайн Клиник АД Пловдив","Пловдив","ПЛОВДИВ","ПЛОВДИВ 1 р-н ЦЕНТРАЛЕН","ул. Филип Македонски №37","ПРОФ. НЕВЕН ЕНЧЕВ ФОН ГОЛДЕНБУРГ","032960699,0878656684"
"МБАЛ Медицински комплекс Свети Иван Рилски ЕООД клон гр. Стара Загора","Стара Загора","СТАРА ЗАГОРА","ГР.СТАРА ЗАГОРА","ул. Герасим Папазчев №1","Д-Р НИКОЛАЙ НЕШЕВ САЛУТСКИ, Д-Р КИРИЛ ДОБРЕВ ДОБРЕВ","042/909402"
"МБАЛ Мездра ЕООД","Враца","МЕЗДРА","ГР.МЕЗДРА","ул. Янко Сакъзов №33","СВЕТОЗАР БОРИСОВ ЛУКАНОВ, Д-Р ИЛИАНА ЙОРДАНОВА МИХАЙЛОВА-ТИХОЛОВА, Д-Р ПЕТЬО ВАСИЛЕВ ВЪЛЧЕВ, Д-Р СОНЯ ДИМИТРОВА СЪБОТИНОВА","0877000070,0886596577,0910/92415,0910/92600"
"МБАЛ НКБ ЕАД СОФИЯ","София (столица)","СОФИЯ 12 рн ИЛИНДЕН","СОФИЯ 12 рн ИЛИНДЕН","гр.София район Илинден ул. Коньовица № 65 и гр. Банкя, ул. Шейново № 4","РОСЕН ВАНЕВ ПЕТКОВ, ДОЦ. Д-Р ВЛАДИМИР БОРИСОВ ПИЛОСОФ, ПРОФ. Д-Р МАРИО ДРАГАНОВ СТАНКЕВ, КРАСИМИР РОСЕНОВ ДЖИНСОВ","8221582,9211410"
"МБАЛ Ниамед ООД гр. Стара Загора","Стара Загора","СТАРА ЗАГОРА","ГР.СТАРА ЗАГОРА","ул. Стефан Стамболов № 29","Д-Р НИКОЛАЙ ГЕОРГИЕВ ХРИСТОВ, ИВАН ДИНЕВ ИВАНОВ, СЕВДАЛИНКА ДИМИТРОВА ПЕНЧЕВА, Д-Р МАРИЯ ИВАНОВА АПОСТОЛОВА","042/611611,042/611610"
"МБАЛ ПОЛИМЕД ООД СОФИЯ","София (столица)","СОФИЯ 03 рн ВЪЗРАЖДАНЕ","СОФИЯ 03 рн ВЪЗРАЖДАНЕ","гр.София 1303, р-н Възраждане, ул. Брегалница № 47","Д-Р ЦВЕТАН ДИМОВ ДИМАНОВ, ВЕНЦИСЛАВ ЙОРДАНОВ ДИМОВ, ЙОРДАН ГЕОРГИЕВ ПЕЙЧЕВ","8157931"
"МБАЛ ПРОФ ДИМИТЪР РАНЕВ ООД","Пазарджик","ПЕЩЕРА","ГР.ПЕЩЕРА","ул. Д-р Петър Цикалов №41; ул. Нешо Чипев №1","СТОИЛ ГЕОРГИЕВ АПОСТОЛОВ, ВЛАДИМИР ДИМИТРОВ ЩЕРЕВ, СТОИЛ ГЕОРГИЕВ АПОСТОЛОВ","0350/62021,0350/62022,0350/60061"
"МБАЛ Павликени ЕООД","Велико Търново","ПАВЛИКЕНИ","ГР.ПАВЛИКЕНИ","ул. Васил Петлешков № 2","Д-Р РЕНЕТА НИКОЛОВА КРЪСТЕВА","0882373777"
"МБАЛ Проф. Д-р Асен Шопов ЕООД","Смолян","ЗЛАТОГРАД","ГР.ЗЛАТОГРАД","ул. Хан Аспарух № 21","ЛЮДМИЛ СИМЕОНОВ ЛИЧЕВ, ВЕЛИН МИТКОВ ДЕНЕВ, Д-Р ЕРОЛ РЕДЖЕБ ЧИНАР, Д-Р ЛЮДМИЛ СИМЕОНОВ ЛИЧЕВ, ЕРОЛ РЕДЖЕБ ЧИНАР","03071/2021,03071/4112,030712537"
"МБАЛ Проф. Д-р Константин Чилов ЕООД","Смолян","МАДАН","ГР.МАДАН","ул. Перелик № 9","СТЕФАН АСЕНОВ ХАДЖИЕВ","0308/98902,0887227102"
"МБАЛ Пулс АД","Благоевград","БЛАГОЕВГРАД","ГР. БЛАГОЕВГРАД","УЛ. СЛАВЯНСКА №62","ДОБРОМИР ИЛИЕВ ИЛКОВСКИ","073/882020,073/870900"
"МБАЛ Р.Ангелова АД","Перник","ПЕРНИК","ГР.ПЕРНИК","ул. Брезник №2","СИМЕОН ВАСИЛЕВ СИМЕОНОВ, ЛЮДМИЛ СТАНКОВ НИКОЛОВ, ВЯРА МИХАЙЛОВА ЦЕРОВСКА, ИВАН ГЕОРГИЕВ ЕВЛОГИЕВ, АНАТОЛИ ВЕРЧОВ МИТОВ, ВАЛЕРИ ИВАНОВ ДИМИТРОВ, АНАТОЛИ ВЕРЧОВ МИТОВ, ЕМИЛ ЕМИЛОВ НЕНКОВ, ЯВОР НИКОЛАЕВ ДРЕНСКИ","076/601360"
"МБАЛ СВ. АННА - СОФИЯ АД","София (столица)","СОФИЯ 15 рн МЛАДОСТ","СОФИЯ 15 рн МЛАДОСТ","Ж.К. МЛАДОСТ 1 УЛ. ДИМИТЪР МОЛЛОВ № 1","Д-Р СЛАВЧО СОТИРОВ БЛИЗНАКОВ, ДИМИТЪР ВЪЛЧИНОВ ДИМИТРОВ","9759000"
"МБАЛ СВ. БОГОРОДИЦА ЕООД СОФИЯ","София (столица)","СОФИЯ 04 рн ОБОРИЩЕ","СОФИЯ 04 рн ОБОРИЩЕ","Тракия № 46","Д-Р ИЛИЯ ИЛИЕВ КАЛЧЕВ, Д-Р НИКОЛАЙ ЛЮБЕНОВ БОЛТАДЖИЕВ","8462016,8438921"
"МБАЛ СВ. ЙОАН РИЛСКИ ООД","Ямбол","ЯМБОЛ","ГР.ЯМБОЛ","ул. Българка 2","АНТОАНЕТА СЛАВЧЕВА АНТОНОВА-МАРИНОВА, ИБРЯМ АЛИЕВ МУСТАФОВ, ВЛАДИМИР КОЙЧЕВ ДЕМИРЕВ, НУРТЕН ОСМАНОВА ШЕКЕРОВА","046633031,046633032,046633033"
"МБАЛ СВ. ПАНТАЛЕЙМОН СОФИЯ АД","София (столица)","СОФИЯ 15 рн МЛАДОСТ","СОФИЯ 15 рн МЛАДОСТ","бул. Александър Малинов № 63","ТАНЬО ИВАНОВ СЕЧАНОВ","9741000,9744450"
"МБАЛ СВ. ПАНТЕЛЕЙМОН-ЯМБОЛ АД","Ямбол","ЯМБОЛ","ГР.ЯМБОЛ","ул. Панайот Хитов 30","ПАНАЙОТ ГРУДЕВ ДИМАНОВ, БОРИС ПЕТКОВ ЧОРБАДЖИЙСКИ, ПАНАЙОТ ГРУДЕВ ДИМАНОВ, ЛЮБОМИР ГРИГОРОВ МАРИНОВ, ПАНАЙОТ ГРУДЕВ ДИМАНОВ, ДИМИТЪР РУМЕНОВ РУНКОВ","046661530,046661541"
"МБАЛ СВ. СОФИЯ ЕООД СОФИЯ","София (столица)","СОФИЯ 17 рн ВИТОША","СОФИЯ 17 рн ВИТОША","бул. България № 104","МИГЛЕНА ТОДОРОВА МИХОВА, ХРИСТО ДИМИТРОВ МАЗНЕЙКОВ, Д-Р ХРИСТО ДИМИТРОВ МАЗНЕЙКОВ И ПРОКУРИСТ Д-Р МИХАИЛ КИРИЛОВ ЗОРТЕВ, Д-Р ВАЛЕНТИНА ИЛИЕВА МАЗНЕЙКОВА, ДЕСИСЛАВА АСЕНОВА МАЛИНОВА, Д-Р ХРИСТО ДИМИТРОВ МАЗНЕЙКОВ И ПРОКУРИСТ Д-Р МЕТОДИ ВАНГЕЛОВ ЯНКОВ","02/8184666"
"МБАЛ СВЕТА АННА-ВАРНА АД","Варна","ВАРНА","ГР.ВАРНА","БУЛ. ЦАР ОСВОБОДИТЕЛ № 100","Д-Р КРАСИМИР ПЕТРОВ ПЕТРОВ, ЖАН ЕМИЛОВ ДОРЕВСКИ, ЛИДИЯ ДУНОВА ПЕТКОВА, Д-Р ВЕСЕЛИН НИКОЛОВ ИВАНОВ, ПРОФ. Д-Р ДИКО ДРАГАНОВ БОШНАКОВ, Д-Р ГАЛЕН ДИМИТРОВ ШИВАРОВ, ИРИНА ГЕОРГИЕВА ВЕЛИНОВА, Д-Р НИКОЛАЙ ПЕТРОВ КОЛАРОВ","052/648257"
"МБАЛ СВЕТИ ГЕОРГИ ПЕРНИК ООД","София (столица)","СОФИЯ 19 рн ЛЮЛИН","СОФИЯ 19 рн ЛЮЛИН","РАЙОН СОФИЯ 19 рн ЛЮЛИН, ул. 109 -та № 19","ДОЦ. Д-Р СПАС НИКОЛОВ СПАСКОВ",""
"МБАЛ СВЕТИ ИВАН РИЛСКИ - 2003 ООД","Кюстендил","ДУПНИЦА","ГР.ДУПНИЦА","ул. Иван Вазов 26","ЕНИ МИЛЧОВ ЛЕФТЕРОВ","0701/59500"
"МБАЛ СВЕТИ ИВАН РИЛСКИ ЕООД","Ямбол","ЕЛХОВО","ГР.ЕЛХОВО","ул. Чаталджа 3","ЙОРДАНКА ЯНЕВА КИРОВА-КАРЕВА, АНГЕЛИНА КИРИЛОВА ПАРАПАНOVA, ДИМИТЪР КОЛЕВ ПОМАКОВ, ВЕСЕЛИН ДИМИТРОВ КЪНЕВ","047888081,0893650160"
"МБАЛ СЕРДИКАМЕД ЕООД","София (столица)","ГР.СОФИЯ","ГР.СОФИЯ","ул. Дамян Груев № 6","Д-Р МЕТОДИ ВАНГЕЛОВ ЯНКОВ, Д-Р МАРИЯ МЕТОДИЕВА ЯНКОВА, Д-Р ТИНКА АНГЕЛОВА ДАНЧЕВА","0888949958,02/9049100"
"МБАЛ СЕРДИКАМЕД ЕООД","София (столица)","СОФИЯ 18 рн ОВЧА КУПЕЛ","СОФИЯ 18 рн ОВЧА КУПЕЛ","База 2 жк Овча купел 2 бул. Президент Линкълн № 128; База 1 жк Овча купел 1 ул. Монтевидео № 21","Д-Р МЕТОДИ ВАНГЕЛОВ ЯНКОВ, Д-Р МАРИЯ МЕТОДИЕВА ЯНКОВА, Д-Р ТИНКА АНГЕЛОВА ДАНЧЕВА","0888949958,02/9049100"
"МБАЛ СИЛИСТРА АД","Силистра","СИЛИСТРА","ГР.СИЛИСТРА","УЛ. ПЕТЪР МУТАФЧИЕВ №80; Град ГР.СИЛИСТРА, Силистра","ВАСИЛ ГЕОРГИЕВ СЛАВОВ, ЮЛИЯН НАЙДЕНОВ НАЙДЕНОВ, ДАНИЕЛА ДИМИТРОВА КОСТАДИНОВА","086818446,086823917,086818444"
"МБАЛ Св. Иван Рилски ЕООД Горна Оряховица","Велико Търново","ГОРНА ОРЯХОВИЦА","ГР.ГОРНА ОРЯХОВИЦА","ул. Отец Паисий № 72","ИВАН ДИМИТРОВ ИВАНОВ, МИРОЛЮБ ДИМИТРОВ КОЖУХАРОВ, Д-Р ГЕОРГИ ДИМИТРОВ ВАШКОВ","0618/60701,0878746490,0618/60260/22051"
"МБАЛ Св. Иван Рилски ЕООД Козлодуй","Враца","КОЗЛОДУЙ","ГР.КОЗЛОДУЙ","ул. Св. Св. Кирил и Методий №1","НИКОЛАЙ СТЕФАНОВ ДИМОВ, Д-Р ЮЛИЯН ЙОРДАНОВ ПЪРВОЛОВ, Д-Р БИЛЯНА СИМЕОНОВА СТОЯНОВСКА, Д-Р РУМЕН СТОЯНОВ ТИХОЛОВ, Д-Р ОЛГА ТОШЕВА НИКОЛОВА, Д-Р ДИЛЯН НИКИФОРОВ ПЕТРОВ, Д-Р ПЛАМЕН ТИХОМИРОВ ПЕТРОВ, Д-Р МОМЧИЛ ДЕНЕВ ИВАНОВ, Д-Р ЕМИЛ ВИКТОРОВ ГОГОШЕВ","0973/85200,0973/80714,0973/81211,0973/85214,0878690740"
"МБАЛ Св. Иван Рилски-Разград АД","Разград","РАЗГРАД","ГР.РАЗГРАД","ул. Коста Петров №2","СТАНИМИР КРАСИМИРОВ ГЕОРГИЕВ, АНГЕЛИНА МИТКОВА ЛИТЕВА, Д-Р ИВАН ПЕТРОВ ДИМИТРОВ, Д-Р МАРИН КЕРЧЕВ КЕРЧЕВ, Д-Р МАРИН КЕРЧЕВ КЕРЧЕВ, ГЕЧО ВЪЛКОВ ЖЕКОВ, Д-Р ГЕЧО ВЪЛКОВ ЖЕКОВ, ПЕТЪР ЯНКОВ ТОДОРОВ, ТЕОДОР ИВАНОВ ГАРВАЛОВ","084624554,084624321"
"МБАЛ Света Каридад ЕАД Пловдив","Пловдив","ПЛОВДИВ","ГР.ПЛОВДИВ","бул. Никола Вапцаров № 23А; бул. Александър Стамболийски № 31, ет. 1 и ет. 2","ВАСИЛ АНГЕЛОВ АНГЕЛОВ, ЕЛЕНА ВЕЛИНОВА ХРИСТЕВА","032/396902,032/968030,032/396900"
"МБАЛ Света Петка Българска ЕООД","Сливен","НОВА ЗАГОРА","ГР.НОВА ЗАГОРА","ул. Петко Енев №1","АНТОАНЕТА ВАСИЛЕВА ИВАНОВА, БОГДАН КЪНЧЕВ БОГДАНОВ, Д-Р ДИАНА ЙОРДАНОВА МИРЧЕВА, Д-Р БОГДАН БОГДАНОВ, Д-Р НИКОЛАЙ ПЕТРОВ КОЛЕВ, Д-Р СВЕТОСЛАВ ТОДОРОВ СЛАВОВ, Д-Р ДИНКО КРЪСТЕВ ИВАНОВ, Д-Р СТАНКА НИКОЛОВА ИВАНОВА","0457/66790,0884/332100,0884/332128,0884/332133,0889/206841"
"МБАЛ Свети Георги Перник ООД","Перник","ПЕРНИК","ГР.ПЕРНИК","ул. Св. Св. Кирил и Методий № 77","ДОЦ. Д-Р СПАС НИКОЛОВ СПАСКОВ","076/632359"
"МБАЛ Свети Мина Пловдив ЕООД","Пловдив","ПЛОВДИВ","ГР.ПЛОВДИВ","ул. Иван Вазов № 59, ул. Весела № 5","Д-Р КАЛИН ХРИСТОВ КАЛИНОВ, АЛЕКСАНДЪР ТОДОРОВ АНГЕЛОВ, НАДЕЖДА АСЕНОВА КРУМОВА, БОРИС АТАНАСОВ ДЖУРДЖЕВ, ГАЛИНА КАРАУЛАНОВА, ГЕНАДИ СТРАНДЖЕВ, ПЕТЪР ХРИСТОВ ПЕТРОВ, МАРИЯ ХРИСТОСКОВА ГОРЕВА","032/654819,032/654836,032/654800"
"МБАЛ Свети Николай Чудотворец ЕООД Лом","Монтана","ЛОМ","ГР.ЛОМ","Тодор Каблешков №2","Д-Р НИКОЛАЙ ЖИКОВ ТРИФОНОВ, Д-Р ГЕОРГИ ТОМОВ САВКОВ, Д-Р ГЕОРГИ ТОМОВ САВКОВ, ИВАЙЛО ХРИСТОВ ХРИСТОВ, ВАСИЛ МИЛУТИНОВ ВАСИЛЕВ, Д-Р ГЕОРГИ ТОМОВ САВКОВ","0971/60051,0971/66035"
"МБАЛ Свети Панталеймон-Плевен ООД","Плевен","ПЛЕВЕН","ГР.ПЛЕВЕН","жк. Дружба, ул. Трите бора № 24","СОНЯ ИВАНОВА МУКОВА-АТАНАСОВА, Д-Р ЕЛИЗА ЛЮБЕНОВА ГЕОРГИЕВА, ЙОРДАН ГЕОРГИЕВ ГЕОРГИЕВ","0889321219,064/872020,0888/928686"
"МБАЛ Свети Пантелеймон Пловдив ЕООД","Пловдив","ПЛОВДИВ","ГР.ПЛОВДИВ","БУЛ. НИКОЛА ВАПЦАРОВ №9","Д-Р КОНСТАНТИН ПАВЛОВ САПУНДЖИЕВ Д.М, АНТОАНЕТА ПЕЛОВА ПЕЛОВСКА-ГЕРДЖИКОВА, МАРКО АТАНАСОВ ГУГУШЕВ, ИЛИЯ АТАНАСОВ БАТАШКИ, ПЕТКО ИВАНОВ НЕДЕВ","0884129111,032603914"
"МБАЛ Сити клиник - Свети Георги ЕООД гр. Монтана","Монтана","МОНТАНА","ГР.МОНТАНА","бул. Александър Стамболийски № 92","ВИКТОР ВАЛЕРИЕВ АПОСТОЛОВ, Д-Р ДАВИД СЪБЕВ КАРАИЛИЕВ","0898773333"
"МБАЛ ТРАКИЯ ЕООД","Стара Загора","СТАРА ЗАГОРА","ГР.СТАРА ЗАГОРА","бул. Патриарх Евтимий № 84 и ул. Дунав № 1","Д-Р ИВАН МИЛАНОВ ЗЛАТКОВ","042/988988,042/987777"
"МБАЛ ТУТРАКАН ЕООД","Силистра","ТУТРАКАН","ГР.ТУТРАКАН","УЛ. ТРАНСМАРИСКА № 101","БОГОМИЛ ПЕТРОВ БОЙЧЕВ, КРЪСТЮ МИХАЙЛОВ КРЪСТЕВ, ЛЮБОМИР ПЕТРОВ БОЙЧЕВ, НЕДКА ГЕОРГИЕВА ЦВЕТКОВА, ВЕСЕЛИН ЙОРДАНОВ ХРИСТОВ, СВЕТЛАНА ВЕЛИКОВА ПЕТКОВА","086660454,0866/61938,0857/60078,085760078,086660078"
"МБАЛ Теодоси Витанов ЕООД Трявна","Габрово","ТРЯВНА","ГР.ТРЯВНА","ул. Лясков дял № 1","ТАТЯНА СТЕФАНОВА СТАНЧЕВА, СВЕТЛА ИВАНОВА БРЪНЕКОВА","0677/62167,0677/2104"
"МБАЛ Тетевен ЕООД","Ловеч","ТЕТЕВЕН","ГР.ТЕТЕВЕН","Д.Благоев 62","МИХАИЛ НЕНОВ НИКОЛОВСКИ, МАДЛЕНА ЦВЕТАНОВА БОЯДЖИЕВА-НИЧЕВА, НЕВЕЛИНА ВАСИЛЕВА ГАНЕВА","0892602778,0678/52141"
"МБАЛ Тримонциум ООД Пловдив","Пловдив","ПЛОВДИВ","ГР.ПЛОВДИВ","ул. Крали Марко 17; ул. Цар Борис ІІІ Обединител № 126","Д-Р СВЕТОСЛАВ ИЛИЕВ ИЛИЕВ","0882351708,032/632077"
"МБАЛ Уни Хоспитал ООД","Пазарджик","ПАНАГЮРИЩЕ","ГР.ПАНАГЮРИЩЕ","УЛ. ГЕОРГИ БЕНКОВСКИ №100","ЦВЕТОЛЮБ МИТЕВ МАРИНОВ, РУМЯНА ТОДОРОВА ВЪЛКОВА, СИЛВИ КИРИЛОВ ПЕТРОВ, АНГЕЛ ПЕТРОВ ПРОДАНОВ, КРАСИМИРА СПАСОВА ЧАЧОВА-РАНЧЕВА, ЯВОР НИКОЛАЕВ ДРЕНСКИ, СНЕЖАНА ТОДОРОВА ТУХЧИЕВА, ЙОРДАН ТОДОРОВ БОЯДЖИЕВ, СТЕФАЛИН АЛЕКСАНДРОВ ПОПОВ, МАЯ ДИМИТРОВА ВЛАЙКОВА, ЛЮБОМИР ДИМИТРОВ ЙОРДАНОВ, БИЛЯНА НИКОЛАЕВА ПЕНЕВА - СТОЯНОВА, ЛУЧИЯ АЛЕКСАНДРОВА ДОБРЕВА, БОРИСЛАВ ГЕОРГИЕВ АЦЕВ, МИХАИЛ ПАНАЙОТОВ ХРИСТОВ","0357/62372,0357/67074,0357/88542"
"МБАЛ ХИГИЯ АД",Пазарджик,ПАЗАРДЖИК,ГР.ПАЗАРДЖИК,ул. Св. Иван Рилски №3,ЦВЕТЕЛИНА СТАЙКОВА СПИРИДОНОВА,
"МБАЛ ХИГИЯ-СЕВЕР ООД",Пазарджик,ПАЗАРДЖИК,ГР.ПАЗАРДЖИК,ул. Свобода №17,"ЦВЕТЕЛИНА СТАЙКОВА СПИРИДОНОВА, ГЕОРГИ ДРАГАНОВ ГЕРОВ, ГЕОРГИ ДИМИТРОВ АНДОНОВ, СТАЙКО ИВАНОВ СПИРИДОНОВ","034/446930, 034/444709, 034/446935"
"МБАЛ Хаджи Димитър ООД",Сливен,СЛИВЕН,ГР.СЛИВЕН,ул. Димитър Пехливанов №5,"Д-Р ПЕНКО МИНЧЕВ ПЕНКОВ, МИЛЕН ПЕНКОВ ПЕНКОВ, ГЕРГАНА ПЕНКОВА АЛЕКСАНДРОВА","044/618502"
"МБАЛ Хаджи Димитър ООД",Сливен,СЛИВЕН,ГР.СЛИВЕН,бул. Хаджи Димитър №19,"Д-Р ПЕНКО МИНЧЕВ ПЕНКОВ, МИЛЕН ПЕНКОВ ПЕНКОВ, ГЕРГАНА ПЕНКОВА АЛЕКСАНДРОВА","044/618502"
"МБАЛ Христо Ботев АД Враца",Враца,ОРЯХОВО,ГР.ОРЯХОВО,ул. Архитект Цолов №98,"Д-Р КЕТИ ДИТКОВА ЦЕНОВА-СРЕДКОВА, ВЛАДИСЛАВ ХРИСТОВ ИВАНОВ, ОРЛИН ВЕСЕЛИНОВ ЦВЕТКОВ, СВЕТОЗАР БОРИСОВ ЛУКАНОВ, Д-Р ПЕТЪР ЙОРДАНОВ КЕРЕМЕДЧИЕВ, ЕВГЕНИ ГЕОРГИЕВ ЛЮБЕНОВ","092/665110, 0884709012"
"МБАЛ Христо Ботев АД Враца",Враца,ВРАЦА,ГР.ВРАЦА,бул. Втори юни №66,"Д-Р КЕТИ ДИТКОВА ЦЕНОВА-СРЕДКОВА, ВЛАДИСЛАВ ХРИСТОВ ИВАНОВ, ОРЛИН ВЕСЕЛИНОВ ЦВЕТКОВ, СВЕТОЗАР БОРИСОВ ЛУКАНОВ, Д-Р ПЕТЪР ЙОРДАНОВ КЕРЕМЕДЧИЕВ, ЕВГЕНИ ГЕОРГИЕВ ЛЮБЕНОВ","092/665110, 0884709012"
"МБАЛ Царица Йоанна-Провадия ЕООД",Варна,ПРОВАДИЯ,ГР.ПРОВАДИЯ,ул. Желез Йорданов №1,"Д-Р АНТОАНЕТА ЖЕЛЯЗКОВА ГЕОРГИЕВА, АНГЕЛ АТАНАСОВ ИВАНОВ, ЕЛЕНА ЛИЛКОВА ОВЧАРОВА, Д-Р СВЕТОСЛАВ НЕДЕЛЧЕВ НЕДЕЛЧЕВ","0518/42032"
"МБАЛ Централ онко хоспитал ООД Пловдив",Пловдив,ПЛОВДИВ,ГР.ПЛОВДИВ,бул. Васил Априлов №20,"Д-Р НАДЕЖДА АСЕНОВА КРУМОВА-МИХАЙЛОВА, Д-Р ЗАПРИН ТОДОРОВ ПЕПЕОВ","032/990007, 0877734307"
"МБАЛ Юлия Вревска Бяла ЕООД",Русе,БЯЛА,ГР.БЯЛА,ул. Васил Левски №62,"ДИМИТЪР ГЕОРГИЕВ ДИМИТРОВ, ЗДРАВКА МЛАДЕНОВА АРАБАДЖИЕВА, БОТЬО ИЛИЕВ БОТЕВ","0817/71236, 0817/73504"
"МБАЛ д-р Димитър Павлович ЕООД Свищов",Велико Търново,СВИЩОВ,ГР.СВИЩОВ,ул. Петър Ангелов №18,"ИЛИЯН ВЕНКОВ ГЕОРГИЕВ, Д-Р ЛЪЧЕЗАР ИВАНОВ МИХАЙЛОВ, ГАВРАИЛ ПЕТРОВ ГЕВЕЗОВ, ЕВГЕНИЙ БОРИСОВ МИТАНОВ, ВЕНЦИСЛАВ ДИМИТРОВ МИХОВ, ПЛАМЕН ЦВЕТАНОВ ПЕЛОВ","0631/60762, 0631/60661, 0631/60732, 0631/69333"
"МБАЛ-Пловдив към ВМА София",Пловдив,ПЛОВДИВ,ГР.ПЛОВДИВ,бул. Христо Ботев №81,"АНГЕЛ ТЕОФИЛОВ ГОЗМАНОВ, АНГЕЛ ХАРАЛАМБИЕВ ПЕЕВ, АТАНАС ЙОРДАНОВ КАЛЧЕВ, ЕЛЕНА ЛЮБОМИРОВНА ОПИНЧЕВА","032/609865, 032/609878, 032/631365, 032/609800"
"МБАЛ-Раковски ЕООД",Пловдив,РАКОВСКИ,ГР.РАКОВСКИ,ул. Михаил Добромиров №1,"Д-Р ИВАН ЙОСИФОВ ТОМБАШКИ, ГЕРГАНА ТОДОРОВА МАНОЛОВА, ПЕТЪР СТОЯНОВ МУХОВСКИ","03151/2445, 03151/2197"
"МБАЛ-БЕЛЕНЕ ЕООД",Плевен,БЕЛЕНЕ,ГР.БЕЛЕНЕ,ул. Гео Милев №47,"Д-Р НАТАЛИЯ ВАСИЛЕВНА МАДОВА, ПЕТЪР ГОСПОДИНОВ, ЕВГЕНИЯ ПЕТРОВА ИВАНОВА","0658/34984, 0889311587, 0887882524"
"МБАЛ-БЕРКОВИЦА ЕООД",Монтана,БЕРКОВИЦА,ГР.БЕРКОВИЦА,ул. Александровска №65,"АТАНАС КИРИЛОВ ГЕОРГИЕВ, ИВАН ИЛИЕВ ФЛОРЕСКОВ, ГЕОРГИ ТОМОВ САВКОВ, ЮЛИЯ ВЕСЕЛИНОВА, Д-Р ПЕНКО МЛАДЕНОВ БОГДАНОВ","0953/88013, 0953/88006"
"МБАЛ-ГУЛЯНЦИ ЕООД",Плевен,ГУЛЯНЦИ,ГР.ГУЛЯНЦИ,ул. Васил Левски №34,Д-Р АНДРИАН МИТКОВ ЯКОВ,"06561/3079, 0887519571"
"МБАЛ-Добрич АД",Добрич,ДОБРИЧ-ГРАД,ГР.ДОБРИЧ,ул. Панайот Хитов №24,"Д-Р ГЕОРГИ МИТКОВ ЖЕЛЯЗКОВ, ЖАНИНА ПЕТРОВА КАЛИНКОВА-ДИНОВСКА, МАРИЯН ИВАНОВ АНАНИЕВ, КРАСИМИР ЖЕЛЕВ НИКОЛОВ, ТРИФОН ВЛАДИМИРОВ ЙОРДАНОВ, СВЕТОЗАР БАЙЧЕВ ПЕТРОВ","058/600160, 058/600414"
"МБАЛ-Исперих ЕООД",Разград,ИСПЕРИХ,ГР.ИСПЕРИХ,ул. Ахинора №39,"ИВАН ВАСИЛЕВ ГАЙДАРОВ, МУРТАЗА ХЮСЕИНОВ МОКАНОВ, Д-Р ЛИЛЯНА ПЕТРОВА ПЕТРОВА, АБДУЛАХ ЗАРГАР ШАБЕСТАРИ","08431/2601, 0893035206, 08331/2517"
"МБАЛ-КНЕЖА ЕООД",Плевен,КНЕЖА,ГР.КНЕЖА,ул. Марин Боев №4,"Д-Р АЛЕКСАНДАР НОВЕСКИ, ЛИЛЯНА АТАНАСОВА ХРИСТОВА, ВАЛЕРИ ПЛАМЕНОВ ЛАЧОВСКИ, Д-Р ВЕЛИЗАР ДИМИТРОВ ДИЛОВ, ДИМИТЪР СТОЯНОВ КУЦАРОВ, Д-Р СВЕТЛАНА КИРИЛОВА ТОДОРОВА-ЦЕКОВА","09132/7501, 0878972510, 0885446283"
"МБАЛ-Кубрат ЕООД",Разград,КУБРАТ,ГР.КУБРАТ,ул. Княз Борис I №12,"ЛЕМАН САЛИМОВА БАЛКАНДЖИЕВА, ПАВЛИНА ДИМИТРОВА МИЧЕВА","0848/73223, 0878368869, 0879918100"
"МБАЛ-ЛЕВСКИ ЕООД",Плевен,ЛЕВСКИ,ГР.ЛЕВСКИ,ул. Н. Вапцаров №5,"ЕВГЕНИЯ ПЕТРОВА ИВАНОВА, ЛЮДМИЛ ВЕЛИКОВ ВЕЛИКОВ, Д-Р ВАЛЕНТИН ГЕОРГИЕВ ДИМИТРОВ, Д-Р ДИМИТЪР МАРИНОВ ИВАНОВ, Д-Р ДРАГОШ БОГДАНОВ МЕТОДИЕВ","0878210155, 0888866808, 0650/82881, 0650/82248"
"МБАЛ-НИКОПОЛ ЕООД",Плевен,НИКОПОЛ,ГР.НИКОПОЛ,ул. Александър Стамболийски №27,"Д-Р ЙОАНА ГЕОРГИЕВА ИВАНОВА, КОСТА ИВАНОВ КОСТОВ, АНА БОРИСОВА ИВАНОВА, МЕЛИАНА ЖЕКОВА АЛШАРГАБИ, КРАСИМИР СИМЕОНОВ ЕВТИМОВ","06541/2518, 06541/2329, 0878581877, 0878202716"
"МБАЛ-ПЗ АД",Пазарджик,ПАЗАРДЖИК,ГР.ПАЗАРДЖИК,ул. Болнична №15,"КРАСИМИР МАНОЛОВ ТЕМНИЛОВ, ПЕТКО МИТКОВ МИТЕВ, ПЕНКО СТЕФАНОВ КАЦАРСКИ, ВАСИЛ КОСТОВ ВЪЛЧЕВ","034/408600, 034/408601, 034/408766, 034/408767"
"МБАЛ-СЛИВЕН към ВМА-СОФИЯ",Сливен,СЛИВЕН,ГР.СЛИВЕН,ул. Пушкин №2,"Д-Р ИЛИЯН ДИМИТРОВ КОМИТОВ, Д-Р ВАСИЛ СОТИРОВ КЬОСЕВ, Д-Р КАЛИН СТОЯНОВ КЪНЕВ, Д-Р КРАСИМИР ТАНЕВ ПЕНЧЕВ","044/667166"
"МБАЛ-Света Петка АД - Видин",Видин,ВИДИН,ГР.ВИДИН,ул. Цар Симеон Велики №119,"Д-Р ИВЕТА ГЕНКОВА НАЙДЕНОВА, Д-Р ЛЪЧЕЗАР ВЕЛКОВ БЛАЖЕВ, Д-Р ЦВЕТАН ИВАНОВ ВАСИЛЕВ, Д-Р ВИОЛЕТА ИЛИЕВА ДОЧКОВА","094/606025"
"МБАЛ-ЧЕРВЕН БРЯГ ЕООД",Плевен,ЧЕРВЕН БРЯГ,ГР.ЧЕРВЕН БРЯГ,ул. Яне Сандански №61,"ИВАН НИКОЛОВ НОВКИРИШКИ, ГЕОРГИ НИКОЛОВ ГЕОРГИЕВ, ЦВЕТАН КОСТАДИНОВ ДИМИТРОВ, НИКОДИМ ТОТЕВ НИНОВ, КАМЕН ПЕТРОВ ВЛАХОВ, МЕЛИАНА ЖЕКОВА АЛШАРГАБИ, Д-Р ВАЛЕРИЙ ДИМИТРОВ ЖЕЛЯЗКОВ, АЛЕКСАНДЪР НИКОЛОВ КАРАГЕОРГИЕВ","0659/92766, 0886031355, 0879005659"
"МБАЛ-ЧИРПАН ЕООД",Стара Загора,ЧИРПАН,ГР.ЧИРПАН,ул. Яворов №19,Д-Р НЕДЕЛЧО РАДЕВ ТОТЕВ,"0416/94163"
"МБАЛНП СВ. НАУМ ЕАД СОФИЯ",София (столица),СОФИЯ 08 рн ИЗГРЕВ,СОФИЯ 08 рн ИЗГРЕВ,бул. Цариградско шосе IV-ти километър ул. Д-р Любен Русев №1,"АКАД. ПРОФ. Д-Р ИВАН ГОСПОДИНОВ МИЛАНОВ, ПАРАСКЕВА КОСТОВА СТАМЕНОВА","02/9702102, 02/8709309"
"МБПЛ Иван Раев -Сопот ЕООД",Пловдив,СОПОТ,ГР.СОПОТ,ул. Трети март №20,Д-Р СТЕФАН КИРИЛОВ АНАСТАСОВ,"03134/7966, 0887775533"
"МБПЛР СЕРДИКА ЕООД",София (столица),СОФИЯ 18 рн ОВЧА КУПЕЛ,СОФИЯ 18 рн ОВЧА КУПЕЛ,бул. Монтевидео №21,"Д-Р ВИОЛЕТА ТОНЧЕВА МАГАЕВА, Д-Р МЕТОДИ ВАНГЕЛОВ ЯНКОВ, Д-Р СПАС ИГНАТОВ ИГОВ","0888949958"
"МБПЛР Стамболийски ЕООД",Пловдив,СТАМБОЛИЙСКИ,ГР.СТАМБОЛИЙСКИ,бул. Дунав №43,"МАРИЯ ГЕОРГИЕВА ГАНЧЕВСКА-ЦАРЕВА, Д-Р НИКОЛАЙ СТАНЧЕВ СТАНЧЕВ","0339/62296, 0888534323, 0339/62434, 0888836428"
"МБПЛР Стамболийски ЕООД",Пловдив,СТАМБОЛИЙСКИ,ГР.СТАМБОЛИЙСКИ,бул. Марица №31,"МАРИЯ ГЕОРГИЕВА ГАНЧЕВСКА-ЦАРЕВА, Д-Р НИКОЛАЙ СТАНЧЕВ СТАНЧЕВ","0339/62296, 0888534323, 0339/62434, 0888836428"
"МДЦ ВИЗИОДЕНТ ЕООД",Пловдив,АСЕНОВГРАД,ГР.АСЕНОВГРАД,ул. Съединение №17 ет.1 и ет.2,Д-Р ПЕТКО ГЕОРГИЕВ ПЕТРОВ,"0898320012"
"МДЦ ВИЗИОДЕНТ ЕООД",Пловдив,АСЕНОВГРАД,ГР.АСЕНОВГРАД,ул. Съединение №13 ет.1 и ет.2,Д-Р ПЕТКО ГЕОРГИЕВ ПЕТРОВ,"0898320012"
"МДЦ НЕВРОКОП ООД",Благоевград,ГОЦЕ ДЕЛЧЕВ,ГР.ГОЦЕ ДЕЛЧЕВ,ул. Стара Планина №7 вх. В,ГЕОРГИ НИКОЛОВ МЕГДАНОВ,"0751/60222, 0899/941357"
"МЕДИЦИНСКИ ЦЕНТЪР БАЛКАНМЕД ООД",София (столица),СОФИЯ 04 рн ОБОРИЩЕ,СОФИЯ 04 рн ОБОРИЩЕ,ул. Струма №6 партер,"Д-Р МИХАЕЛА ВАСКОВА ПЕТРОВА, Д-Р ВИКТОР АСПАРУХОВ КАМБУРОВ","0889313050"
"МЕДИЦИНСКИ ЦЕНТЪР СВЕТЛИНА ЕООД",София (столица),СОФИЯ 05 рн СЕРДИКА,СОФИЯ 05 рн СЕРДИКА,бул. Княгиня Мария Луиза №191 ет.2,СТЕФАН НЕДКОВ НЕДЕВ,
"МИ МВР СОФИЯ",София (столица),СОФИЯ 02 рн КРАСНО СЕЛО,СОФИЯ 02 рн КРАСНО СЕЛО,бул. Ген. М. Скобелев №79,"ПРОФ. Д-Р НЕНЧО ПЕТРОВ СМИЛОВ, ГЕНО КИРОВ КИРОВ, ПРОФ. Д-Р ДАНИЕЛА ВАЛЕНТИНОВА МОНОВА, ДОЦ. Д-Р ИЛИЯ АТАНАСОВ БАТАШКИ","02/9821509"
"МНОГОПРОФИЛНА БОЛНИЦА ЗА АКТИВНО ЛЕЧЕНИЕ СЪРЦЕ И МОЗЪК ЕАД",Плевен,ПЛЕВЕН,ГР.ПЛЕВЕН,ул. Пиер Кюри №2,"ЛЮБА МАРТИНОВА МИТЕВА-ВАСИЛЕВА, ЕЛЕНА ГЕОРГИЕВА НОЕВА","0878859167"
"МС Здраве Пазарджик",Пазарджик,ПАЗАРДЖИК,ГР.ПАЗАРДЖИК,ул. Константин Величков №50,"МАРИАНА ИВАНОВА ДИНКОВА, ЦВЕТАНКА ПЕТРОВА ЛЕПАРОВА, ЙОРДАН ЛЮБЕНОВ ПЕЛЕВ, СТОИЛ ГЕОРГИЕВ АПОСТОЛОВ","034/406133"
"МТБ-Пловдив",Пловдив,ПЛОВДИВ,ГР.ПЛОВДИВ,ул. Колхида - продължение,"Д-Р ПЛАМЕН ДИМИТРОВ ПАВЛОВ, ПЛАМЕНКА АНАСТАСОВА КАРАКАШЕВА, НИКОЛАЙ ЗАБУНОВ, ОГНЯН АЛЕКСАНДРОВ НАЙДЕНОВ","032/674658, 032/674659"
"МЦ - ХИПОКРАТ ООД",Кюстендил,ДУПНИЦА,ГР.ДУПНИЦА,пл. Свобода №1 ет.4 каб. 203 и 204,"БОЙКО ГЕОРГИЕВ КЮЧУКОВ, БОРИСЛАВ ЙОРДАНОВ СОКОЛОВ","0701/52433, 0887517652"
"МЦ АВАНГАРД 1 ЕООД",Пловдив,ПЛОВДИВ,ГР.ПЛОВДИВ,ул. Знаме №4А ет.2,Д-Р МАРИНА СТЕФАНОВА ГРОЗДЕВА,"0899176363"
"МЦ АСКЛЕПИЙ ООД",Кюстендил,САПАРЕВА БАНЯ,ГР.САПАРЕВА БАНЯ,ул. Германея №38 ет.2,КРУМ БОГДАНОВ БОНЕВ,"0701/50616"
"МЦ АСКЛЕПИЙ ООД",Кюстендил,ДУПНИЦА,ГР.ДУПНИЦА,пл. Свобода №1,КРУМ БОГДАНОВ БОНЕВ,"0701/50616"
"МЦ АСКЛЕПИЙ ООД",Кюстендил,ДУПНИЦА,ГР.ДУПНИЦА,ул. Солун №4 ет.4,КРУМ БОГДАНОВ БОНЕВ,"0701/50616"
"МЦ БЕТА КЛИНИК ООД",София (столица),СОФИЯ 09 рн ЛОЗЕНЕЦ,СОФИЯ 09 рн ЛОЗЕНЕЦ,бул. Черни Връх №14 партер,"РОСЕН СИЛВИЕВ ГЕОРГИЕВ, РОСЕН СИЛВИЕВ ГЕОРГИЕВ ЧРЕЗ ПЪЛНОМОЩНИК КАЛИНА МИЛКОВА МИХАЙЛОВА","0884923192"
"МЦ ВЕРЕЯ ЕООД",Стара Загора,СТАРА ЗАГОРА,ГР.СТАРА ЗАГОРА,бул. Митрополит Методий Кусев №9 каб. №1 каб. №2 и каб. №3,ДОЦ. Д-Р ДИМИТЪР НИКОЛОВ ДЖЕЛЕБОВ,"042/601460"
"МЦ ВЕРЕЯ ЕООД",Стара Загора,СТАРА ЗАГОРА,ГР.СТАРА ЗАГОРА,ул. Кенали №4,ДОЦ. Д-Р ДИМИТЪР НИКОЛОВ ДЖЕЛЕБОВ,"042/601460"
"МЦ ВЕРЕЯ ЕООД",Стара Загора,КАЗАНЛЪК,ГР.КАЗАНЛЪК,ул. Александър Батенберг №1,ДОЦ. Д-Р ДИМИТЪР НИКОЛОВ ДЖЕЛЕБОВ,"042/601460"
"МЦ ВЕРЕЯ ЕООД",Стара Загора,КАЗАНЛЪК,ГР.КАЗАНЛЪК,ул. Стара Планина №12 ет.3 каб. №82,ДОЦ. Д-Р ДИМИТЪР НИКОЛОВ ДЖЕЛЕБОВ,"042/601460"
"МЦ ВИЗИО-ЛМ",Благоевград,БЛАГОЕВГРАД,ГР.БЛАГОЕВГРАД,ул. Шар Планина №26А,ЙОРДАН ЛЮБЕНОВ ТУМБЕВ,"0885/755607"
"МЦ ВИЗИО-ЛМ",Благоевград,БЛАГОЕВГРАД,ГР.БЛАГОЕВГРАД,ул. Мара Бунева №5,ЙОРДАН ЛЮБЕНОВ ТУМБЕВ,"0885/755607"
"МЦ Вита Медика ЕООД",Разград,РАЗГРАД,ГР.РАЗГРАД,ул. Странджа №9,ЕВГЕНИЯ АНДРЕЕВА КЕРЧЕВА,"0898492315, 084/656656"
"МЦ Вита Медика ЕООД",Разград,РАЗГРАД,ГР.РАЗГРАД,бул. Бели Лом №56 вх. В ап. 48,ЕВГЕНИЯ АНДРЕЕВА КЕРЧЕВА,"0898492315, 084/656656"
"МЦ Витамед ЕООД",Пловдив,КАРЛОВО,ГР.КАРЛОВО,ул. Ген. Карцов №36 ет.1 и ет.2,"Д-Р СТАНИМИР МАРИНОВ ЧЕШМЕДЖИЕВ, ВЕРКА ВЕЛЕВА ДОНЧЕВА","0335/92104, 0335/98872"
"МЦ Витамед ЕООД",Пловдив,КАРЛОВО,ГР.КАРЛОВО,ул. Тодор и Ана Пулеви №18 ет.1 2 и 3,"Д-Р СТАНИМИР МАРИНОВ ЧЕШМЕДЖИЕВ, ВЕРКА ВЕЛЕВА ДОНЧЕВА","0335/92104, 0335/98872"
"МЦ Витамед ЕООД",Пловдив,КАРЛОВО,ГР.КАРЛОВО,ул. Ген. Гурко Мархолев №3,"Д-Р СТАНИМИР МАРИНОВ ЧЕШМЕДЖИЕВ, ВЕРКА ВЕЛЕВА ДОНЧЕВА","0335/92104, 0335/98872"
"МЦ Д-Р НИКОЛА ВАСИЛИЕВ ЕООД",Кюстендил,КЮСТЕНДИЛ,ГР.КЮСТЕНДИЛ,пл. 17-ти януари №1,"БОРИСЛАВ АЛЕКСАНДРОВ БОРИСОВ, ЕМИЛ ЗИНОВИЕВ ЛАЗОВ, ЛЮДМИЛ СТОЯНОВ СПАСОВ, РУМЯНА ИВАНОВА ВАСЕВА","078/550261"
"МЦ Д-Р НИКОЛА ВАСИЛИЕВ ЕООД",Кюстендил,КЮСТЕНДИЛ,ГР.КЮСТЕНДИЛ,ул. Яворов №6 к-ти 98 99 109 219 и 405,"БОРИСЛАВ АЛЕКСАНДРОВ БОРИСОВ, ЕМИЛ ЗИНОВИЕВ ЛАЗОВ, ЛЮДМИЛ СТОЯНОВ СПАСОВ, РУМЯНА ИВАНОВА ВАСЕВА","078/550261"
"МЦ ЗА ОЧНО ЗДРАВЕ ФОКУС ЕООД",София (столица),СОФИЯ 03 рн ВЪЗРАЖДАНЕ,СОФИЯ 03 рн ВЪЗРАЖДАНЕ,ул. Българска морава №123,Д-Р АНЕТА ЛУКАНОВА МИШЕВА,"02/9834581"
"МЦ Здраве Разград ООД",Разград,РАЗГРАД,ГР.РАЗГРАД,ул. В. Левски №1,"НИКОЛАЙ СТЕФАНОВ КОЛЕВ, Д-Р АННА АЛЕКСИЕВА, Д-Р ЕЛЕНА ВАСИЛЕВА МАРИНОВА, НИКОЛА САИД АШКАР","0899875187, 084/316826, 084/316825, 084/662582, 0889834323"
"МЦ КЛИНИКА СВЕТА МАРИЯ МАГДАЛЕНА ЕООД",София (столица),СОФИЯ 04 рн ОБОРИЩЕ,СОФИЯ 04 рн ОБОРИЩЕ,ул. Бяло море №25,Д-Р КРУМ ПЕТРОВ КРУМОВ,"0888755348, 0887513634"
"МЦ КЛИНИКА СВЕТА МАРИЯ МАГДАЛЕНА ЕООД",София (столица),СОФИЯ 10 рн ТРИАДИЦА,СОФИЯ 10 рн ТРИАДИЦА,ул. Д-р Стефан Сарафов №72,Д-Р КРУМ ПЕТРОВ КРУМОВ,"0888755348, 0887513634"
"МЦ Литомед ООД",Пловдив,ПЛОВДИВ,ГР.ПЛОВДИВ,бул. Ал. Стамболийски №31,"Д-Р ВАСИЛ ЛИЛЯНОВ ИВАНОВ, ЗДРАВКО КАБАДОЗОВ","032/668566, 0888199071, 0888397806"
"МЦ Литомед ООД",Пловдив,РОДОПИ,С.БРАНИПОЛЕ,Местност Герена №020 Г,"Д-Р ВАСИЛ ЛИЛЯНОВ ИВАНОВ, ЗДРАВКО КАБАДОЗОВ","032/668566, 0888199071, 0888397806"
"МЦ Луксор EООД",Пловдив,ПЛОВДИВ,ГР.ПЛОВДИВ,бул. България №59,"Д-Р ДИМИТЪР ГЕОРГИЕВ ТАСКОВ, НИНА СТАНЕВА СТОЯНОВА","032/968881"
"МЦ Луксор EООД",Пловдив,ПЛОВДИВ,ГР.ПЛОВДИВ,бул. България №47А ет.1 каб. №1 №3 №4 и №5,"Д-Р ДИМИТЪР ГЕОРГИЕВ ТАСКОВ, НИНА СТАНЕВА СТОЯНОВА","032/968881"
"МЦ Надежда ООД",Благоевград,БЛАГОЕВГРАД,ГР.БЛАГОЕВГРАД,ж.к. Запад бл.11 партер оперативен блок,НАДЕЖДА ВЕСЕЛИНОВА КОСТАДИНОВА-ГОЦЕВА,"073/833192, 0897978363"
"МЦ ОЧЕН ЛАЗЕРЕН ЦЕНТЪР ВИЖЪН ЕООД",София (столица),СОФИЯ 02 рн КРАСНО СЕЛО,СОФИЯ 02 рн КРАСНО СЕЛО,ул. Виктор Григорович №8,"ЕЛЕНА НЕЙЧЕВА КУМБИЕВА, ЕЛЕНА АТАНАСОВА ДАРДЖИКОВА, ЕЛЕНА АТАНАСОВА ПЕШЕВА","02/9515037"
"МЦ ОЧЕН ЛАЗЕРЕН ЦЕНТЪР ВИЖЪН ЕООД",София (столица),СОФИЯ 14 рн ИСКЪР,СОФИЯ 14 рн ИСКЪР,бул. Проф. Цветан Лазаров №86,"ЕЛЕНА НЕЙЧЕВА КУМБИЕВА, ЕЛЕНА АТАНАСОВА ДАРДЖИКОВА, ЕЛЕНА АТАНАСОВА ПЕШЕВА","02/9515037"
"МЦ Оксиком ООД",Бургас,БУРГАС,ГР.БУРГАС,к-с Изгрев бл.28А партер,Д-Р НЕЛИ ВЕЛИЧКОВА ДЖОКОВА,"0885604145, 0887831030, 056/860210, 056/860839"
"МЦ Оксиком ООД",Бургас,БУРГАС,ГР.БУРГАС,бул. Д. Димов,Д-Р НЕЛИ ВЕЛИЧКОВА ДЖОКОВА,"0885604145, 0887831030, 056/860210, 056/860839"
"МЦ ПЕНТАГРАМ 2012 ООД",София (столица),СОФИЯ 12 рн ИЛИНДЕН,СОФИЯ 12 рн ИЛИНДЕН,ул. Враня №109-111,"Д-Р ВЕСЕЛИН ТОДОРОВ ДАСКАЛОВ, Д-Р КОНСТАНЦА ТОШЕВА ДАСКАЛОВА","0878974419"
"МЦ ПО ОЧНИ БОЛЕСТИ Д-Р МАРИНОВИ ООД",Шумен,ШУМЕН,ГР.ШУМЕН,ул. Цар Освободител №100,МАРИН ГЕОРГИЕВ МАРИНОВ,"0899496044, 0896540090"
"МЦ РВД ЗДРАВЕ ООД СОФИЯ",София (столица),СОФИЯ 04 рн ОБОРИЩЕ,СОФИЯ 04 рн ОБОРИЩЕ,ул. Тракия №46,"Д-Р ВЕРГИЛ ЙОНЧЕВ ЧУКОВ, СТОЙЧО ТОДОРОВ КАЦАРОВ, Д-Р ДИМИТЪР ИВАНОВ ТОПЧИЙСКИ, Д-Р МАЯ ТОНОВА КАМЕНОВА","02/8462016"
"МЦ Ре Спиро ООД",Разград,РАЗГРАД,ГР.РАЗГРАД,ул. Кирил и Методий №2 вх. А ет. 1 ап. 3,ИВАН АТАНАСОВ КИСЕЛОВ,"0886430823"
"МЦ Ре Спиро ООД",Разград,РАЗГРАД,ГР.РАЗГРАД,пл. Момина чешма №1 вх. Д,ИВАН АТАНАСОВ КИСЕЛОВ,"0886430823"
"МЦ Ре Спиро ООД",Разград,РАЗГРАД,ГР.РАЗГРАД,ул. Иван Вазов №19,ИВАН АТАНАСОВ КИСЕЛОВ,"0886430823"
"МЦ СВЕТА МАРИНА-ДИАГНОСТИКА И ТЕРАПИЯ ООД",Плевен,ПЛЕВЕН,ГР.ПЛЕВЕН,местност Русково бърдо,"Д-Р ЖИТИАН АЛЕКСАНДРОВ АТАНАСОВ, ПРОФ. Д-Р ГРИГОР АНГЕЛОВ ГОРЧЕВ","064/806838, 064/8181, 064/805666"
"МЦ СВЕТА МАРИНА-ДИАГНОСТИКА И ТЕРАПИЯ ООД",Плевен,ПЛЕВЕН,ГР.ПЛЕВЕН,ул. Цар Симеон №23,"Д-Р ЖИТИАН АЛЕКСАНДРОВ АТАНАСОВ, ПРОФ. Д-Р ГРИГОР АНГЕЛОВ ГОРЧЕВ","064/806838, 064/8181, 064/805666"
"МЦ СВЕТА МАРИНА-ДИАГНОСТИКА И ТЕРАПИЯ ООД",Плевен,ПЛЕВЕН,ГР.ПЛЕВЕН,пл. Възраждане №1,"Д-Р ЖИТИАН АЛЕКСАНДРОВ АТАНАСОВ, ПРОФ. Д-Р ГРИГОР АНГЕЛОВ ГОРЧЕВ","064/806838, 064/8181, 064/805666"
"МЦ Света Ана ООД",Враца,ВРАЦА,ГР.ВРАЦА,бул. Демокрация №17 и №23,Д-Р АДРИЯН ИВАНОВ НИКОЛОВ,"092/663060"
"МЦ Света Елисавета -Раковски ЕООД",Пловдив,ПЛОВДИВ,ГР.ПЛОВДИВ,ул. Велико Търново №21,"Д-Р АНДРЕЙ ЙОЗОВ БАКЪРДЖИЙСКИ, ЕЛЕНА МИХАЙЛОВА ИВАНОВА, КИРИЛ ГЕНОВ КАРАГЕОРГИЕВ, ЕЛЕНА ПЕТРОВА КОЛАРОВА","03151/2429, 03151/2033"
"МЦ Света Елисавета -Раковски ЕООД",Пловдив,БРЕЗОВО,ГР.БРЕЗОВО,ул. Георги Димитров №25 ет.1,"Д-Р АНДРЕЙ ЙОЗОВ БАКЪРДЖИЙСКИ, ЕЛЕНА МИХАЙЛОВА ИВАНОВА, КИРИЛ ГЕНОВ КАРАГЕОРГИЕВ, ЕЛЕНА ПЕТРОВА КОЛАРОВА","03151/2429, 03151/2033"
"МЦ Света Елисавета -Раковски ЕООД",Пловдив,РАКОВСКИ,ГР.РАКОВСКИ,ул. Васил Петлешков №1,"Д-Р АНДРЕЙ ЙОЗОВ БАКЪРДЖИЙСКИ, ЕЛЕНА МИХАЙЛОВА ИВАНОВА, КИРИЛ ГЕНОВ КАРАГЕОРГИЕВ, ЕЛЕНА ПЕТРОВА КОЛАРОВА","03151/2429, 03151/2033"
"МЦ Света Елисавета -Раковски ЕООД",Пловдив,РАКОВСКИ,С.БЕЛОЗЕМ,ул. Родопи №43 сутерен ет.1 и ет.2,"Д-Р АНДРЕЙ ЙОЗОВ БАКЪРДЖИЙСКИ, ЕЛЕНА МИХАЙЛОВА ИВАНОВА, КИРИЛ ГЕНОВ КАРАГЕОРГИЕВ, ЕЛЕНА ПЕТРОВА КОЛАРОВА","03151/2429, 03151/2033"
"МЦ-Ловеч ЕООД",Ловеч,ЛОВЕЧ,ГР.ЛОВЕЧ,ул. С.Съев №27,"ИВЕЛИН ЦАНКОВ ЙОЦОВ, ПРАВДА ТРИФОНОВА ГЕНОВА-ПЕТКОВА, ДОНКА ПЕНЧЕВА МИНКОВА, ИЛИЯНА ПЕНЕВА КАЗАКОВА, АЛДИН ДОЧЕВ НАЧКОВ","068/667238, 0896717669, 0878792666, 0896717671, 0888465411"
"МЦ-МЕДИЦИНСКИ КОМПЛЕКС БЕРОЕ ЕООД",Стара Загора,СТАРА ЗАГОРА,ГР.СТАРА ЗАГОРА,ул. Герасим Папазчев №1,Д-Р НИКОЛАЙ НЕШЕВ САЛУТСКИ,"042/919402, 0892257396"
"МЦ-МЕДИЦИНСКИ КОМПЛЕКС БЕРОЕ ЕООД",Стара Загора,КАЗАНЛЪК,ГР.КАЗАНЛЪК,ул. Христо Ботев №78 ет.1 каб. №3,Д-Р НИКОЛАЙ НЕШЕВ САЛУТСКИ,"042/919402, 0892257396"
"МЦО РЕСБИОМЕД ЕООД",София (столица),СОФИЯ 03 рн ВЪЗРАЖДАНЕ,СОФИЯ 03 рн ВЪЗРАЖДАНЕ,ул. Алдомировска №144,АЛЕКСАНДЪР АНГЕЛОВ АНГЕЛОВ,"070018484"
"Медикус Алфа СХБАЛ ЕООД Пловдив",Пловдив,ПЛОВДИВ,ГР.ПЛОВДИВ,ул. Велико Търново №21,Д-Р ДИНКО МЛАДЕНОВ ГОСПОДИНОВ,"032/634463, 0898416038"
"Медицински център 1 Стамболийски ЕООД",Пловдив,СТАМБОЛИЙСКИ,ГР.СТАМБОЛИЙСКИ,бул. Дунав №43 ет.1 и ет.2,"ИЛИЯ КИРИЛОВ КИРЯКОВ, КРАСИМИРА СТОЙНЕВА КАЛЧЕВА, Д-Р МАРИЯ ГЕОРГИЕВА ГАНЧЕВСКА-ЦАРЕВА","0339/62297, 0888836428"
"Многопрофилна болница за активно лечение ЕАД гр. Гълъбово",Стара Загора,ГЪЛЪБОВО,ГР.ГЪЛЪБОВО,ул. Алеко Константинов №10,Д-Р ГОШО ХРИСТОВ ГРОЗЕВ,"0418/62415, 0889522041"
"Многопрофилна болница за активно лечение Свети Иван Рилски Габрово ЕООД",Габрово,ГАБРОВО,ГР.ГАБРОВО,бул. Трети март №9,"ДОБРОМИР ИЛИЕВ ИЛКОВСКИ, ИНА СТОЯНОВА ФИЛИПОВА","0884494924"
"Многопрофилна областна болница за активно лечение Д-р Стефан Черкезов АД гр. Велико Търново",Велико Търново,ВЕЛИКО ТЪРНОВО,ГР.ВЕЛИКО ТЪРНОВО,ул. Ниш №1,"Д-Р КРАСИМИР ТОДОРОВ ПОПОВ, ЛЮДМИЛ ХАРАЛАМБЕВ ГЕЦОВ, Д-Р СТЕФАН ФИЛЕВ ФИЛЕВ, ДАНИЕЛ СТЕФАНОВ ИЛИЕВ","062/678900, 062/640916"
"НМТБ ЦАР БОРИС ІІІ СОФИЯ",София (столица),СОФИЯ 05 рн СЕРДИКА,СОФИЯ 05 рн СЕРДИКА,бул. Княгиня Мария Луиза №108 и №104,"НИКОЛАЙ ГЕОРГИЕВ ЧЕРВЕНЯКАВ, РАЙКО СТЕФАНОВ ЦВЕТКОВ, ПРОФ. Д-Р ХРИСТО ГЕОРГИЕВ ЦЕКОВ, ГЕОРГИ ЕДРЕВ ЕДРЕВ","02/8324055, 02/8323004"
"НСБФТР ЕАД СОФИЯ",София (столица),СОФИЯ 18 рн ОВЧА КУПЕЛ,СОФИЯ 18 рн ОВЧА КУПЕЛ,бул. Овча купел №2В,"Д-Р ЙОРДАН МЕТОДИЕВ ИВАНЧЕВ, ТАТЯНА ГАНЧЕВА АНГЕЛОВА, АНТОН ЕВГЕНИЕВ ЖИВКОВ, ГАЛИНА ПЕТКОВА ПАВЛОВА","02/9555273, 02/8555022"
"НефроЛайф България - Специализирани центрове по хемодиализаООД",Бургас,БУРГАС,ГР.БУРГАС,ул. Транспортна,Д-Р НИКОЛАЙ ГЕОРГИЕВ ТОДОРОВ,"0878925945"
"ОЧЕН МЦ ТРОШЕВ ООД",Стара Загора,СТАРА ЗАГОРА,ГР.СТАРА ЗАГОРА,бул. Митрополит Методий Кусев №61,Д-Р СТАНИМИР ДЕНЧЕВ ТРОШЕВ,"0887552768, 042/630053"
"ПЪРВА ЧАСТНА МБАЛ Враца ЕООД",Враца,ВРАЦА,ГР.ВРАЦА,ул. Скакля №6,"Д-Р ПЛАМЕН ЦЕНОВ БЛАЖЕВ, Д-Р АНТОНИО ИЛИЕВ ГЕОРГИЕВ, Д-Р ДАРИН ВАСИЛЕВ ДРАГАНОВ","0887999091, 0878660501, 092/665757, 0878687646"
"ПЪРВА ЧАСТНА МБАЛ Враца ЕООД",Враца,ВРАЦА,ГР.ВРАЦА,бул. Втори юни №96А,"Д-Р ПЛАМЕН ЦЕНОВ БЛАЖЕВ, Д-Р АНТОНИО ИЛИЕВ ГЕОРГИЕВ, Д-Р ДАРИН ВАСИЛЕВ ДРАГАНОВ","0887999091, 0878660501, 092/665757, 0878687646"
"ПЪРВА ЧАСТНА МБАЛ Враца ЕООД",Враца,ВРАЦА,ГР.ВРАЦА,ул. ген. Леонов №93,"Д-Р ПЛАМЕН ЦЕНОВ БЛАЖЕВ, Д-Р АНТОНИО ИЛИЕВ ГЕОРГИЕВ, Д-Р ДАРИН ВАСИЛЕВ ДРАГАНОВ","0887999091, 0878660501, 092/665757, 0878687646"
"САГБАЛ Д-Р ЩЕРЕВ ЕООД СОФИЯ",София (столица),ГР.СОФИЯ,ГР.СОФИЯ,ул. Христо Благоев №25-31,НИКОЛА КОМНЕН МИЛАЧИЧ,"02/9200901, 02/9201827"
"САГБАЛ ЕВА ЕООД",Сливен,СЛИВЕН,ГР.СЛИВЕН,ул. Ичеренско шосе №11,"Д-Р НУРТЕН ОСМАНОВА ШЕКЕРОВА, ИБРЯМ АЛИЕВ МУСТАФОВ, СТЕФКА ИВАНОВА РАДКОВА","044/630101"
"САГБАЛ ЕВА ЕООД",Сливен,СЛИВЕН,ГР.СЛИВЕН,бул. Панайот Хитов №117,"Д-Р НУРТЕН ОСМАНОВА ШЕКЕРОВА, ИБРЯМ АЛИЕВ МУСТАФОВ, СТЕФКА ИВАНОВА РАДКОВА","044/630101"
"СБАЛ ГРЪБНАЧЕН ЦЕНТЪР АД",София (столица),СОФИЯ 05 рн СЕРДИКА,СОФИЯ 05 рн СЕРДИКА,бул. Ген. Николай Столетов №67А,"ЛЮБЧО ЦВЕТАНОВ ПЕНЕВ, Д-Р ДОБРОМИР ИЛИЕВ ИЛКОВСКИ, ДЕСИСЛАВА ИВАНОВА ЛЮБЕНОВА","0894515618"
"СБАЛ ГРЪБНАЧЕН ЦЕНТЪР АД",София (столица),СОФИЯ 10 рн ТРИАДИЦА,СОФИЯ 10 рн ТРИАДИЦА,ул. Св. Георги Софийски №3,"ЛЮБЧО ЦВЕТАНОВ ПЕНЕВ, Д-Р ДОБРОМИР ИЛИЕВ ИЛКОВСКИ, ДЕСИСЛАВА ИВАНОВА ЛЮБЕНОВА","0894515618"
"СБАЛ ЙОАН ПАВЕЛ ЕООД СОФИЯ",София (столица),СОФИЯ 05 рн СЕРДИКА,СОФИЯ 05 рн СЕРДИКА,бул. Ген. Столетов №67А,НЕБЕСНА ДИМИТРОВА БАЛДЖИЙСКА,"02/8320044"
"СБАЛ ПО КАРДИОЛОГИЯ ЯМБОЛ ЕАД",Ямбол,ЯМБОЛ,ГР.ЯМБОЛ,ул. Димитър Благоев №69,"СИДИКУЛАХ РАХИМИ, МАРИАН ТОДОРОВ ИНГЕЛИЕВ, БОРИС ПЕТКОВ ЧОРБАДЖИЙСКИ, БИСТРА СТОИЧКОВА ПЕШЕВА-МУСИЕВСКА, ПЕТЯ ИВАНОВА ДИНОВСКА, МЛАДЕН ВЛАДИМИРОВ ГРИГОРОВ","046/662215, 046/662377, 046/662389"
"СБАЛ ПФЗ Д-р Димитър Граматиков Русе ЕООД",Русе,РУСЕ,ГР.РУСЕ,ул. Алея Лилия №1,"СВЕТОСЛАВ ДАЧЕВ ДАЧЕВ, ДИМИТЪР СТОЯНОВ ГРАМАТИКОВ","082/813960"
"СБАЛ СВ. ЛАЗАР ООД СОФИЯ",София (столица),СОФИЯ 09 рн ЛОЗЕНЕЦ,СОФИЯ 09 рн ЛОЗЕНЕЦ,бул. Симеоновско шосе №4А,Д-Р ТИАНА ЛАЗАРОВА ДИМИТРИЕВА-НИКОЛОВА,"02/9622005"
"СБАЛ ФРМ МЕДИКА ООД Русе",Русе,РУСЕ,ГР.РУСЕ,ул. Рига №35,КИРИЛ ПАНАЙОТОВ ПАНАЙОТОВ,"0885304040"
"СБАЛ ФРМ МЕДИКА ООД Русе",Русе,РУСЕ,ГР.РУСЕ,ул. Независимост №2,КИРИЛ ПАНАЙОТОВ ПАНАЙОТОВ,"0885304040"
"СБАЛ по кардиология Варна ЕАД",Варна,ВАРНА,ГР.ВАРНА,бул. Цар Освободител №100,"Д-Р ХАРАЛИН СТОЯНОВ ТУМБЕВ, ПРОФ. Д-Р МЛАДЕН ВЛАДИМИРОВ ГРИГОРОВ, ПРОФ. Д-Р НИКОЛАЙ ЙОРДАНОВ ПЕНКОВ","052/648020, 052/603203"
"СБАЛ СПЕЦИАЛ МЕДИК ООД",Пловдив,ПЛОВДИВ,ГР.ПЛОВДИВ,пл. Понеделник пазар №5 ет.2 крило Изток и крило Юг,Д-Р ИНА СТОЯНОВА ФИЛИПОВА,"0884308925"
"СБАЛАГ МАЙЧИН ДОМ ЕАД СОФИЯ",София (столица),СОФИЯ 10 рн ТРИАДИЦА,СОФИЯ 10 рн ТРИАДИЦА,ул. Здраве №2,"ПРОФ. ИВАН АТАНАСОВ КОСТОВ, Д-Р ВИКТОР БОРИСОВ ЗЛАТКОВ, Д-Р ДИМИТЪР МИТКОВ ДРАГИЕВ, МЕТОДИ ВАНГЕЛОВ ЯНКОВ, НИКОЛАЙ ИВАНОВ ДОГАНОВ","02/9172233, 02/8517291"
"СБАЛАГ Торакс Д-р Сава Бояджиев ЕООД Пловдив",Пловдив,ПЛОВДИВ,ГР.ПЛОВДИВ,ул. Димитър Цончев №5,"Д-Р ИВАН ТОНОВ ГЛАВЧЕВ, ЮРИ СПАСОВ, ГЕОРГИ ИВАНОВ БЛАГОЕВ","032/625125, 0887594916"
"СБАЛББ - СВ. ПАНТЕЛЕЙМОН ЕООД",Перник,ПЕРНИК,ГР.ПЕРНИК,местност Голо бърдо,"АЛЕКСАНДЪР ПЕТРОВ АЛЕКСАНДРОВ, АСЕН ЙОРДАНОВ АСЕНОВ, ВЕЛИЧКА ГЕОРГИЕВА КАДИЙСКА, СИМЕОН ВАСИЛЕВ СИМЕОНОВ, АЛЕКСАНДЪР СТЕФАНОВ АЛЕКСИЕВ","0884999636, 0888252427, 0999115126, 0895525350, 0889035153"
"СБАЛББ Габрово ЕООД",Габрово,ГАБРОВО,ГР.ГАБРОВО,ул. Д-р Кирил Въгленов №1,"ИВО ГИЧЕВ СТАНЧЕВ, АНТОНИЯ ГЕОРГИЕВА КОЛЕВА","066/878670"
"СБАЛГАР Д.Р МАЛИНОВ ООД СОФИЯ",София (столица),СОФИЯ 02 рн КРАСНО СЕЛО,СОФИЯ 02 рн КРАСНО СЕЛО,бул. Гоце Делчев №46,Д-Р МАКСИМ ЦАНКОВ МАЛИНОВ,"02/9655711"
"СБАЛДБ ПРОФ. ИВАН МИТЕВ ЕАД СОФИЯ",София (столица),СОФИЯ 10 рн ТРИАДИЦА,СОФИЯ 10 рн ТРИАДИЦА,бул. Акад. Иван Гешов №11,"Д-Р МАРИЯ БОЖИДАРОВА ЕКИМОВА-ПЕНЕВА, ДИМИТЪР ЛЮБОМИРОВ РУСИНОВ, БЛАГОМИР НИКОЛАЕВ ЗДРАВКОВ","02/8154254"
"СБАЛИПБ ПРОФ. ИВАН КИРОВ ЕАД СОФИЯ",София (столица),СОФИЯ 10 рн ТРИАДИЦА,СОФИЯ 10 рн ТРИАДИЦА,бул. Акад. Иван Гешов №17,"Д-Р ТОМА БОРИСОВ ТОМОВ, ПРОФ. Д-Р ТАТЯНА ПЕТРОВА ПЕНКОВА-ЧЕРВЕНЯКОВА","02/9402100"
"СБАЛК - КАРДИОЛАЙФ ООД ВАРНА",Варна,ВАРНА,ГР.ВАРНА,бул. Република Медицински център Младост бл. А,"Д-Р ТРАЯН БОТЕВ ЦВЕТКОВ, ЮЛИЯ БОРИСОВА МАКЕДОНСКА, СПАС НИКОЛОВ СПАСАВ, Д-Р ГАЛИНА ВИДОЛОВА БАЛАБАНОВА, Д-Р ВЛАДИСЛАВ ТОДОРИНОВ ПАКЕРОВ, ХАРАЛИН СТОЯНОВ ТУМБЕВ","052/460170, 052/460171, 052/460190, 052/460191, 0879487878"
"СБАЛК Велико Търново ЕАД",Велико Търново,ВЕЛИКО ТЪРНОВО,ГР.ВЕЛИКО ТЪРНОВО,ул. Бузлуджа №1,"МАРИЯНА РАЙКОВА ГЕОРГИЕВА, Д-Р ПЕТЯ ИВАНОВА ДИНОВСКА, ПРОФ. МЛАДЕН ВЛАДИМИРОВ ГРИГОРОВ, Д-Р НОРА ГЕОРГИЕВА ЦВЕТКОВА, Д-Р ЙОРДАНКА ТОМОВА-ДИМОВА, Д-Р СОТИР ТОДОРОВ МАРЧЕВ","062/632020, 062/624030"
"СБАЛК Медика Кор ЕАД Русе",Русе,РУСЕ,ГР.РУСЕ,ул. Рига №35,КИРИЛ ПАНАЙОТОВ ПАНАЙОТОВ,"082/887363, 0885304040"
"СБАЛК Медика Кор ЕАД Русе",Русе,РУСЕ,ГР.РУСЕ,ул. Независимост №2,КИРИЛ ПАНАЙОТОВ ПАНАЙОТОВ,"082/887363, 0885304040"
"СБАЛК ПО КАРДИОЛОГИЯ МАДАРА ЕАД ШУМЕН",Шумен,ШУМЕН,ГР.ШУМЕН,ул. Васил Априлов №63,"МАРТИН СТОЙНЕВ СТОЙНЕВ, ИВАЙЛО ВЛАДИМИРОВ ДОЙЧИНОВ","054/801260, 054/801261"
"СБАЛО Свети Мина ЕООД",Благоевград,БЛАГОЕВГРАД,ГР.БЛАГОЕВГРАД,ул. Васил Левски №62,"ТЕОДОР ВЕЛЧЕВ ВЕЛЧЕВ, ХРИСТИНА ЙОНЧЕВА КУЗМАНОВА-ЯНКОВА, ГЕОРГИ БОРИСОВ ГЕОРГИЕВ","073/882857, 0886333773, 073/832100"
"СБАЛОБ ДЕН ЕООД СОФИЯ",София (столица),СОФИЯ 04 рн ОБОРИЩЕ,СОФИЯ 04 рн ОБОРИЩЕ,ул. Росица №21,ДОЦ. Д-Р АНДРЕЙ ДИМИТРОВ АНДРЕЕВ,"02/9832028, 02/9833800"
"СБАЛОБ ЗОРА АД СОФИЯ",София (столица),СОФИЯ 05 рн СЕРДИКА,СОФИЯ 05 рн СЕРДИКА,бул. Княгиня Мария-Луиза №191,"ПРОФ. ИВА ТОДОРОВА ПЕТКОВА, РЕНЕТА ТОДОРОВА ПЕТКОВА, ДОЦ. Д-Р ЕВДОКИЯ ДИМИТРОВА ИЛИЕВА","02/9312281"
"СБАЛОБ ЗОРА АД СОФИЯ",София (столица),СОФИЯ 15 рн МЛАДОСТ,СОФИЯ 15 рн МЛАДОСТ,ул. Петър Протич №4,"ПРОФ. ИВА ТОДОРОВА ПЕТКОВА, РЕНЕТА ТОДОРОВА ПЕТКОВА, ДОЦ. Д-Р ЕВДОКИЯ ДИМИТРОВА ИЛИЕВА","02/9312281"
"СБАЛОБ ЗРЕНИЕ ООД СОФИЯ",София (столица),СОФИЯ 09 рн ЛОЗЕНЕЦ,СОФИЯ 09 рн ЛОЗЕНЕЦ,бул. Джеймс Баучер №33 вх. В,"ХРИСТИНА БЛАГОЕВА ХРИСТОВА, ВЕСЕЛИН ИВАНОВ ТАНЕВ, ПРОФ. Д-Р ПРАВОСЛАВА ЦОНЧЕВА ЧНЧУЛЕВА, ПРОФ. Д-Р ВЕСЕЛИН ИВАНОВ ТАНЕВ","02/9531582, 02/9531574"
"СБАЛОБ ЗРЕНИЕ ООД СОФИЯ",София (столица),СОФИЯ 10 рн ТРИАДИЦА,СОФИЯ 10 рн ТРИАДИЦА,ул. Балша №5,"ХРИСТИНА БЛАГОЕВА ХРИСТОВА, ВЕСЕЛИН ИВАНОВ ТАНЕВ, ПРОФ. Д-Р ПРАВОСЛАВА ЦОНЧЕВА ЧНЧУЛЕВА, ПРОФ. Д-Р ВЕСЕЛИН ИВАНОВ ТАНЕВ","02/9531582, 02/9531574"
"СБАЛОЗ ПРОФ. Д-Р МАРИН МУШМОВ ЕООД СОФИЯ",София (столица),СОФИЯ 15 рн МЛАДОСТ,СОФИЯ 15 рн МЛАДОСТ,бул. А. Сахаров №22,Д-Р БОРИСЛАВ ХАРАЛАМБИЕВ ДИМИТРОВ,"02/9753950"
"СБАЛОЗ Д-р Марко Антонов Марков-Варна ЕООД","Варна","ВАРНА","ГР.ВАРНА","БУЛ. ЦАР ОСВОБОДИТЕЛ № 100; КВ. АСПАРУХОВО, МЕСТНОСТ ""ВИЛИТЕ""","Д-Р ГОСПОДИН РАДКОВ ИГНАТОВ, ПРОФ. Д-Р ГЕОРГИ ЛЕОНИДОВ КОБАКОВ","052/975-888, 052/975888"
"СБАЛОЗ КРИСТАЛ ООД СОФИЯ","София (столица)","СОФИЯ 11 рн КРАСНА ПОЛЯНА","СОФИЯ 11 рн КРАСНА ПОЛЯНА","ГР. СОФИЯ, Р-Н КРАСНА ПОЛЯНА, БУЛ. „АЛЕКСАНДЪР СТАМБОЛИЙСКИ“ № 239","Д-Р ГЕОРГИ ИЛИЕВ ДОРМИШЕВ","02/4200356, 02/4200234"
"СБАЛОТ ВИТОША ЕООД СОФИЯ","София (столица)","СОФИЯ 09 рн ЛОЗЕНЕЦ","СОФИЯ 09 рн ЛОЗЕНЕЦ","бул. Симеоновско шосе № 108-Б","Д-Р ОРЛИН БОРИСОВ ФИЛИПОВ","9622292"
"СБАЛПФЗ БЛГР","Благоевград","БЛАГОЕВГРАД","ГР. БЛАГОЕВГРАД","УЛ. ЦАНКО ЦЕРКОВСКИ №4","ВЛАДИМИР ВИТКОВ ПАНДЕВ, ТАТЯНА СТОЙЧЕВА КОНСТАНТИНОВА, ПЕТЪР ЙОРДАНОВ ГЕОРГИЕВ","073/830201, 073/884210"
"СБАЛПФЗ Враца ЕООД","Враца","ВРАЦА","ГР.ВРАЦА","ул.""Генерал Леонов""№93","Д-Р КОСТАДИН НИКИФОРОВ ШАХОВ, Д-Р МАРИЯНА СТОЯНОВА МАРКОВА","0878987223, 0876987223, 092/623564, 092/666117"
"СБАЛПФЗ Д-р Никола Пенчев - Пазарджик ЕООД","Пазарджик","ПАЗАРДЖИК","ГР.ПАЗАРДЖИК","ул. ""Болнична"" №15","НИКОЛА ПЕТРОВ ПЕНЧЕВ, РУМЕН МЕТОДИЕВ АВРАМОВ, КОСТАДИНКА КРУМОВА СОТИРОВА, АНТОАН АСЕНОВ ДОНЧЕВ","034/443849, 034/441866"
"СБАЛПФЗ Стара Загора ЕООД","Стара Загора","СТАРА ЗАГОРА","ГР.СТАРА ЗАГОРА","ул. ""Армейска"" № 11","Д-Р КАМЕЛИЯ ХАРАЛАНОВА ХАРАЧЕРОВА, ЛЮБОМИР ЖИВКОВ ЛЮБЕНОВ, СТОЯНКА МАНЧЕВА ТАНЕВА, Д-Р ЧАВДАР ДЕЧЕВ ПОПОВ, ВАЛЕРИЯ ЛЮБОМИРОВА ИВАНОВА","042/623710, 042/648180"
"СБАЛТОСМ ПРОФ. Д-Р ДИМИТЪР ШОЙЛЕВ ЕАД СОФИЯ","София (столица)","СОФИЯ 08 рн ИЗГРЕВ","СОФИЯ 08 рн ИЗГРЕВ","ж.к. Дианабат, ул. Никола Габровски № 1","ГЕОРГИ АЛЕКСАНДРОВ ДАМЯНОВ, ТАНЯ МАРИНОВА РУСЕВА-КОЛЕВА","02/962045, 0888871888, 02/8621133"
"СБАЛХЗ ЕАД СОФИЯ","София (столица)","СОФИЯ 01 рн СРЕДЕЦ; СОФИЯ 16 рн СТУДЕНТСКИ","СОФИЯ 01 рн СРЕДЕЦ; СОФИЯ 16 рн СТУДЕНТСКИ","ул. Пловдивско поле № 6; Бул. ""Климент Охридски"" № 1А","Д-Р НИНА АНГЕЛОВА РЪСИНА, АНДРЕЙ АНГЕЛОВ АНДРЕЕВ, ПРОФ. Д-Р СТАВРИ АСЕНОВ ТОШКОВ, ПРОФ. Д-Р ГЕОРГИ ГЕОРГИЕВ МИХАЙЛОВ, ДОЦ. Д-Р МИМОЗА ЦВЕТАНОВА СТАНЕВА, ДОЦ. Д-Р БРАНИМИР ВЛАДИМИРОВ СПАСОВ, Д-Р ГАЛЯ ГЕОРГИЕВА КОНДЕВА-МЪНКОВА","9701104, 9701105"
"СБНАЛ Свети Лазар ЕООД гр. Казанлък","Стара Загора","КАЗАНЛЪК","ГР.КАЗАНЛЪК","ул.""Д-р Хр. Баев"" №15; ул. Ал. Константинов №6","Д-Р ГЕРГИНА ХРИСТОВА ДИМИТРОВА","0431/85017, 042/62125"
"СБПЛР - Котел ЕООД","Сливен","КОТЕЛ","ГР.КОТЕЛ","ул. Изворска №85","Д-Р ЦВЕТАН ГЕОРГИЕВ ВЛАХОВ, ЕВГЕНИ ГЕОРГИЕВ ЛЮБЕНОВ, Д-Р ГРИГОР КОСТОВ МАЛЕВ","0887/777423, 0889/533663, 0453/42473"
"СБПЛР БУХОВО ЕООД СОФИЯ","София (столица)","СОФИЯ 22 рн КРЕМИКОВЦИ","СОФИЯ 22 рн КРЕМИКОВЦИ","гр. Бухово ул. ""Стефан и Велко"" № 2","Д-Р ДОРА ДИМИТРОВА ВЕЛЕВА","9942320"
"СБПЛР ЕООД","Перник","ПЕРНИК","ГР.ПЕРНИК","ул.""Протожерица"" №102","ЮРИ ВАСИЛЕВ ТОРНЕВ, БОЯН БОГДАНОВ ДРАГАНОВ, ЙОРДАНКА АЛЕКСАНДРОВА КОСТАДИНОВА, ВЕНЦИСЛАВ ДАФИНОВ ЧУНОВ, РОСИЦА ИВАНОВА ГАЙДАРОВА, ЕМИЛ ЕМИЛОВ НЕНКОВ, ЙОРДАН МЕТОДИЕВ ИВАНЧЕВ, ИННА ПЕТРОВА СТОИЛОВА","0897/084072, 076/604402, 076/604412, 076/590800, 0894492213"
"СБПЛР КРЕМИКОВЦИ ЕООД СОФИЯ","София (столица)","СОФИЯ 22 рн КРЕМИКОВЦИ","СОФИЯ 22 рн КРЕМИКОВЦИ","кв. Ботунец ул. В. Левски № 2","Д-Р ЦВЕТАНКА ХРИСТОВА ЗАФИРОВА, АНДРЕЙ ИВАНОВ АНДРЕЕВ","9943676, 9943319"
"СБПЛР Минерални бани - Полски Тръмбеш ЕООД","Велико Търново","ПОЛСКИ ТРЪМБЕШ","ГР.ПОЛСКИ ТРЪМБЕШ","ул. Търговска 92","ПЛАМЕН МИХАЙЛОВ ЛАКОВ","0888/507600"
"СБПЛР ПАНЧАРЕВО ЕООД СОФИЯ","София (столица)","СОФИЯ 23 рн ПАНЧАРЕВО","СОФИЯ 23 рн ПАНЧАРЕВО","кв. Панчарево, ул. Кокалянско ханче № 1","Д-Р АНДРЕЙ ИВАНОВ АНДРЕЕВ, ИВАН АСЕНОВ МАТЕЕВ, КРУМ ТОМОВ ТОМОВ","9923170, 9924331"
"СБПЛРПФЗ Света Петка Българска ЕООД","Пазарджик","ВЕЛИНГРАД","ГР.ВЕЛИНГРАД","местност ""4-ти километър""; 4-ти километър №91","ЦВЕТАН ИЛИЕВ ДАФОВ, ЕЛЕНА МИТКОВА ШОПОВА","0359/53273, 0359/53276, 0359/52243"
"СБР ""Медика - Албена"" ЕООД","Добрич","БАЛЧИК","С.ОБРОЧИЩЕ, К.К.АЛБЕНА","Сградата на медицински център","ПРОФ. Д-Р ДИМИТРИЧКА ДУЧЕВА БЛИЗНАКОВА, Д-Р МИГЛЕНА СТЕФАНОВА КОЖУХАРОВА, ГАЛИНА ПЕТКОВА ПАВЛОВА, ПРОФ. Д-Р ЕНЧО КАЛЧЕВ СЪБЕВ","0887714763, 0888376863, 0878123321, 0887366652"
"СБР ""Света Богородица"" ЕООД Нареченски бани","Пловдив","АСЕНОВГРАД","С.НАРЕЧЕНСКИ БАНИ","ул.Панорама № 8","Д-Р АТАНАС БЛАГОЕВ ТИЛЕВ","03342/2212, 03342/2243"
"СБР - ВАРНА АД","Варна","ВАРНА","ГР.ВАРНА","К.К. ""ЗЛАТНИ ПЯСЪЦИ"", СПИРКА ""ЖУРНАЛИСТ""","Д-Р ЦВЕТАНА АНГЕЛОВА ДИНКОВА","052/355583"
"СБР - НК ЕАД - ФИЛИАЛ БАНКЯ СОФИЯ","София (столица)","СОФИЯ 24 рн БАНКЯ","ГР.БАНКЯ","ул.„Шейново” №8","Д-Р ЧЕНКО ХРИСТОВ ЧАЛЪКОВ ЧРЕЗ ДИРЕКТОР ФИЛИАЛ БАНКЯ Д-Р МИЛКА АНТОНОВА ПАСКАЛЕВА-КЪРКОВСКА, ДОЦ.Д-Р АЛЕКСАНДЪР ИВАНОВ СЕМКОВ ЧРЕЗ ДИРЕКТОР ФИЛИАЛ БАНКЯ Д-Р МИЛКА АНТОНОВА ПАСКАЛЕВА-КЪРКОВСКА, ПЛУМЕЛИНА ДИМИТРОВА МИЧЕВА ЧРЕЗ ДИРЕКТОР ФИЛИАЛ БАНКЯ Д-Р МИЛКА АНТОНОВА ПАСКАЛЕВА-КЪРКОВСКА, Д-Р ПЛАМЕН ПЕЛТЕШКИ","02/9885905"
"СБР - САПАРЕВА БАНЯ АД","Кюстендил","САПАРЕВА БАНЯ","ГР.САПАРЕВА БАНЯ","ул. Серафим Йорданов 1","Д-Р НИКОЛАЙ СТОЯНОВ КРЪСТЕВ, Д-Р ГЕОРГИ ЖЕЛЕВ АВРАМОВ","0707/22362"
"СБР БАНКЯ АД СОФИЯ","София (столица)","СОФИЯ 24 рн БАНКЯ","СОФИЯ 24 рн БАНКЯ","гр. Банкя, ул. Шейново № 8","Д-Р НИКОЛАЙ СТОЯНОВ КРЪСТЕВ, ПЕТЯ МИЛЕНОВА ГЕНКОВА, ГЕОРГИ ЖЕЛЕВ АВРАМОВ","9977265, 9977244"
"СБР ВИТА ЕООД","Пазарджик","ВЕЛИНГРАД","ГР.ВЕЛИНГРАД","ул. ""Пушкин"" №2","АНГЕЛ ХАРАЛАМБИЕВ ПЕЕВ","0359/52159, 0359/52438"
"СБР ДЦП СВ. СОФИЯ ЕООД СОФИЯ","София (столица)","СОФИЯ 11 рн КРАСНА ПОЛЯНА","СОФИЯ 11 рн КРАСНА ПОЛЯНА","БУЛ. ВЪЗКРЕСЕНИЕ № 1В","ДОЦ Д-Р ИВАН ДИМИТРОВ ЧАВДАРОВ","8284881"
"СБР ЗДРАВЕ ЕАД","София (столица)","СОФИЯ 24 рн БАНКЯ","СОФИЯ 24 рн БАНКЯ","гр. Банкя, ул. Г. С. Раковски № 15","Д-Р ВИОЛЕТА КОСТАДИНОВА ВЕЛИЧКОВА, ГЕОРГИ САМУИЛОВ ВАСИЛЕВ, ПРОФ. Д-Р ДИМИТЪР РАДКОВ РАДЕНОВСКИ","9977231, 9977383"
"СБР Марикостиново ЕООД","Благоевград","ПЕТРИЧ","С.МАРИКОСТИНОВО","С. МАРИКОСТИНОВО","АННА БЛАГОЕВА СМИЛЯНОВА, КАТЕРИНА КИРИЛОВА АРДАШЕВА","0742/62334, 0878/933370, 0742/62331"
"СБР НК ЕАД филиал Хисар","Пловдив","ХИСАРЯ","ГР.ХИСАРЯ","бул. “Гурко” №2","ВЕЛИЧКА НИКОЛОВА ШОПОВА, МАРИАНА БОТЕВА ТЕРЗИЙСКА, СВЕТИЯ ЙОРДАНОВ ТУЖАРОВ, ИВАН ДОНЧЕВ ДОНЧЕВ","0882805523, 03762046"
"СБР НК ЕАД Св. Мина Вършец","Монтана","ВЪРШЕЦ","ГР.ВЪРШЕЦ","Паркова зона","БОРЯНА ТОДОРОВА БОНЧЕВА-ЛЕЧЕВА, Д-Р АЛЕКСАНДЪР ИВАНОВ СЕМКОВ, Д-Р ЧЕНКО ХРИСТОВ ЧАЛЪКОВ","09527/2258"
"СБР НК ЕАД Филиал Сандански","Благоевград","САНДАНСКИ","ГР.САНДАНСКИ","УЛ. ПОЛК. ДРАНГОВ №1","СТЕФКА КОСТАДИНОВА ИВАНОВА","0746/30833, 0746/32419"
"СБР НК ЕАД филиал Баните","Смолян","БАНИТЕ","С.БАНИТЕ","ул. Стефан Стамболов № 2","ЕМИЛ САШЕВ ДИМИТРОВ, АЛЕКСИ МИТКОВ КАРОВ","03025/2342, 03025/2344, 030252257"
"СБР НК ЕАД филиал Нареченски бани","Пловдив","АСЕНОВГРАД","С.НАРЕЧЕНСКИ БАНИ","ул. „Родопи“ № 1","Д-Р АТАНАС ЛЮБОМИРОВ БУЧКОВ, ДАНКА МЕТОДИЕВА ПОПОВА","033422224"
"СБР НК ЕАД филиал Овча могила","Велико Търново","СВИЩОВ","С.ОВЧА МОГИЛА","ул. Детелина № 2","Д-Р ВИРГИНИЯ СИМЕОНОВА ЦОЛОВА","06327/2404"
"СБР ОРФЕЙ ЕООД","Смолян","ДЕВИН","ГР.ДЕВИН","ул. Цветан Зангов № 14","ЮЛИЯ БОЙКОВА КИСИМОВА","0878228867, 03041/3657"
"СБР РОДОПИ ЕООД","Смолян","РУДОЗЕМ","ГР.РУДОЗЕМ","ул. Атанас Буров № 2","ПЛАМЕН МИХАЙЛОВ ЛАКОВ, ЦВЕТАН ДИМИТРОВ ГЕРГОВ","0878485835"
"СБР Света Елена 1 ООД","Варна","ВАРНА","ГР.ВАРНА","к.к. „Св. Св. Константин и Елена”, х-л „Света Елена”, ул. „1” № 82","ПРОФ. Д-Р ПЕТКО ПЕНКОВ МАРИНОВ Д.М.","0889515100, 0899982700"
"СБР по физикална и рехабилитационна медицина Димина ООД Вонеща вода","Велико Търново","ВЕЛИКО ТЪРНОВО","С.ВОНЕЩА ВОДА","ул. Първа 1","СВЕТЛИН ДИМИТРОВ РАДЕВ, ЧЕНКО ХРИСТОВ ЧАЛЪКОВ, ДОЦ. Д-Р АНТОН СТОЯНОВ САВОВ, Д-Р ЧЕНКО ХРИСТОВ ЧАЛЪКОВ, СЪБИНА СЪБЕВА СЪБЕВА","0889528640, 0879382690, 0896407717, 061182300, 0887805378"
"СБР – НАЦИОНАЛЕН КОМПЛЕКС ЕАД филиал гр. Кюстендил","Кюстендил","КЮСТЕНДИЛ","ГР.КЮСТЕНДИЛ","ул. Цар Симеон І-ви 28","ЖИВКО ИВАНОВ НЕДЕЛЧЕВ","078/550920"
"СБР-Витус ЕООД","Пловдив","ХИСАРЯ","ГР.ХИСАРЯ","ул.Ал.Стамболийски № 21","Д-Р ЧЕНКО ХРИСТОВ ЧАЛЪКОВ","0887305586"
"СБР-НК ЕАД","Пловдив","КАРЛОВО","ГР.БАНЯ","ул.„Липите“ № 1","БОЖАНКА ТОДОРОВА ИВАНОВА, СОНЯ НИКОЛОВА ЧАЛЪКОВА, НЕДЯЛКА ИЛИЕВА КАЛЕВА, ЕВГЕНИ ГЕОРГИЕВ ЛЮБЕНОВ","03132/2204, 03132/2234"
"СБР-НК ЕАД филиал Павел Баня","Стара Загора","ПАВЕЛ БАНЯ","ГР.ПАВЕЛ БАНЯ","бул. ""Освобождение"" №2","Д-Р ЙОРДАН ГЕОРГИЕВ ГЕЧЕВ, КРЪСТАНА ВАСИЛЕВА ПЕТРОВА-ПРАМАТАРОВА","0876904891, 04361/3133, 04361/2146"
"СБРПЛ-Петрич ЕООД","Благоевград","ПЕТРИЧ","ГР.ПЕТРИЧ","УЛ. СТАДИОНСКА №1","РУМЕН БОРИСОВ КОНДЕВ, ИЛИЯ АСЕНОВ ПОПНИКОЛОВ","0878/104141"
"СГЕБАЛ Еврохоспитал ООД Пловдив","Пловдив","ПЛОВДИВ","ГР.ПЛОВДИВ","ул.“Колхида” – продължение, МТБ, бл""Ж"" ет.1","ВАСИЛ ВАСИЛЕВ АНГЕЛОВ, Д-Р ПЕЙО АЛЕКСАНДРОВ ТУХЧИЕВ, ГЕОРГИ ЮРИЕВ ТОШЕВ, ВЕНЦЕСЛАВ ГЕОРГИЕВ ДЖУРКОВ","032/676367, 032/674142"
"СОБАЛ - доц. Георгиев ЕООД Варна","Варна","ВАРНА","ГР.ВАРНА","ул. „Христо Попович” № 18","ПРОФ. Д-Р ТИХОМИР ДОБРИНОВ ГЕОРГИЕВ, ДОЦ. Д-Р ДОБРИН СВЕТОЗАРОВ ГЕОРГИЕВ, Д-Р ДОБРИН ДОБРИНОВ ГЕОРГИЕВ","052/608506"
"СОБАЛ АКАД. ПАШЕВ EООД СОФИЯ","София (столица)","СОФИЯ 06 рн ПОДУЯНЕ","СОФИЯ 06 рн ПОДУЯНЕ","ул. „Емануил Васкидович” № 51","Д-Р ДАНИЕЛА ПЕТРОВА МИРКОВСКА, АКАД. Д-Р ПЕТЯ ИВАНОВА ВАСИЛЕВА","9487901, 9487931"
"СОБАЛ ВИЖЪН ЕООД","София (столица)","СОФИЯ 02 рн КРАСНО СЕЛО","СОФИЯ 02 рн КРАСНО СЕЛО","ул. Виктор Григорович № 8, район Искър, бул.Проф.Цветан Лазаров №86","ЕЛЕНА НЕЙЧЕВА КУМБИЕВА, Д-Р ЕЛЕНА АТАНАСОВА ДАРДЖИКОВА И ЕЛЕНА НЕЙЧЕВА КУМБИЕВА - ЗАЕДНО","9515037"
"СОБАЛ ВИЗУС ЕООД СОФИЯ","София (столица)","СОФИЯ 17 рн ВИТОША","СОФИЯ 17 рн ВИТОША","ул. Миле Попйорданов № 18","ВИОЛЕТА СИЛВИ ЧЕРНОДРИНСКА, Д-Р ГЕНОВЕВА ИВАНОВА АЛЕКСИЕВА, ДОЦ.Д-Р ВИОЛЕТА СИЛВИ ЧЕРНОДРИНСКА","8576936, 8576937"
"СОБАЛ Луксор ООД Пловдив","Пловдив","ПЛОВДИВ","ГР.ПЛОВДИВ","бул. България №59","Д-Р ДИМИТЪР ГЕОРГИЕВ ТАСКОВ, МАРИЯ ГЕОРГИЕВА МИХАЙЛОВА, ИСКРА ГЕОРГИЕВА ШИШКОВА","032/968881, 032/968882"
"СОБАЛ ПЕНТАГРАМ ЕООД СОФИЯ","София (столица)","СОФИЯ 03 рн ВЪЗРАЖДАНЕ; СОФИЯ 12 рн ИЛИНДЕН","СОФИЯ 03 рн ВЪЗРАЖДАНЕ; СОФИЯ 12 рн ИЛИНДЕН","ГР. СОФИЯ, УЛ. ""ДИМИТЪР ПЕТКОВ"" № 11; ул. Враня № 109-111, секция “Б”","Д-Р ВЕСЕЛИН ТОДОРОВ ДАСКАЛОВ","02/4472040, 0887777465"
"СОБАЛ Ралчовски ЕООД Враца","Враца","ВРАЦА","ГР.ВРАЦА","бул. ""Демокрация"" №14, ет.2; ул. ""Вежен"" № 2А","ПЕТЪР НИКОЛОВ НИКОЛОВ","092/621102, 0888/889757"
"СПЕЦИАЛИЗИРАНА БОЛНИЦА ЗА ПРОДЪЛЖИТЕЛНО ЛЕЧЕНИЕ И РЕХАБИЛИТАЦИЯ ПО ВЪТРЕШНИ БОЛЕСТИ – МЕЗДРА” ЕООД","Враца","МЕЗДРА","ГР.МЕЗДРА","ул.""Манастирище""№100","ТЕОДОРА ИЛИЯНОВА ГЛАДНИШКА, Д-Р ГЕНОВЕВА ТОДОРОВА ТОДОРОВА-МОНКОВА, Д-Р ВЛАДИСЛАВ ХРИСТОВ ИВАНОВ, ВАЛЯ МИТОВА ВАСИЛОВСКА","0877605562"
"СПЕЦИАЛИЗИРАНА БОЛНИЦА ЗА ПРОДЪЛЖИТЕЛНО ЛЕЧЕНИЕ НА БЕЛОДРОБНИ БОЛЕСТИ - РОМАН” ЕООД","Враца","РОМАН","ГР.РОМАН","ул. ""Димитър Благоев"" №2","ВЛАДИМИР БОРИСОВ НЕНОВ, Д-Р МОМЧИЛ НИКОЛАЕВ МИТЕВ, ПЕПА АТАНАСОВА ВЛАДИМИРОВА","09123/2206, 0886/201388"
"СХБАЛ Амброаз Паре ООД","Сливен","СЛИВЕН","ГР.СЛИВЕН","кв. Даме Груев, бул. Хаджи Димитър №68","Д-Р НИКОЛАЙ КОНСТАНТИНОВ КОНСУЛОВ, Д-Р ВЕСЕЛИН ПАСКОВ ВАСИЛЕВ","044/662524, 044/662668"
"СХБАЛ проф. Темелков ООД Варна","Варна","ВАРНА","ГР.ВАРНА","ул. „Алеко Константинов” № 5","МАРИЯ ТЕМЕЛКОВА ЙОРДАНОВА, ПРОФ. Д-Р ТЕМЕЛЕКО ДОБРОЛЮБОВ ТЕМЕЛКОВ","052/600126, 052/600127"
"Специализирана Болница за Активно Лечение на Очни Болести ПРОСПЕРИТАС""ООД","София (столица)","СОФИЯ 10 рн ТРИАДИЦА","СОФИЯ 10 рн ТРИАДИЦА","кв. „Триадица“, ул. „Неофит Рилски“ № 7","ВЕСЕЛИН ИВАНОВ ТАНЕВ",""
"Специализирана болница за активно лечение на пневмо-фтизиатрични заболявания ""Д-р Трейман"" ЕООД","Велико Търново","ВЕЛИКО ТЪРНОВО","ГР.ВЕЛИКО ТЪРНОВО","местност ""Света гора""","СТЕЛА ДЕНЧЕВА СТЕФАНОВА, Д-Р ДРАГАНЧЕВ, МАРГАРИТА ЛЮБОМИРОВА ТАСЕВА, Д-Р МАРИЯ ИВАНОВА РАЧЕВА","0879976606, 062619766, 0888550338"
"Специализирана болница за рехабилитация - Бургаски минерални бани ЕАД","Бургас","БУРГАС","ГР.БУРГАС","ул. ""Ал. Стамболийски"" №66","ПЕТЯ ГЕОРГИЕВА ТОДОРОВА, КИРИЛ МЛАДЕНОВ МЛАДЕНОВ","056/552378, 0894/602400"
"УМБАЛ ЕВРОХОСПИТАЛ ПЛОВДИВ ООД","Пловдив","ПЛОВДИВ","ГР.ПЛОВДИВ","бул. „Коматевско шосе“ №79","ВЕНЦЕСЛАВ ДЖУРКОВ, ДИМИТЪР ИВАНОВ ДИМИТРОВ, МАРИЯ ХРИСТОСКОВА ГОРЕВА","032/676367, 0888/233403"
"УМБАЛ АЛЕКСАНДРОВСКА ЕАД СОФИЯ","София (столица)","СОФИЯ 10 рн ТРИАДИЦА","СОФИЯ 10 рн ТРИАДИЦА","ул. ""Св. Георги Софийски"" № 1","АСЕН АТАНАСОВ ЗЛАТЕВ, ПРОФ.Д-Р ЛЪЧЕЗАР ДИНКОВ ТРАЙКОВ, ДОЦ. Д-Р КОСТАДИН ГЕОРГИЕВ АНГЕЛОВ, ДМ, ПРОФ.Д-Р БОРИС ИЛИЕВ БОГОВ, ДОЦ. Д-Р ДИМИТЪР ИВАНОВ БУЛАНОВ, АТАНАС ГЕОРГИЕВ АТАНАСОВ, ПРОФ. Д-Р АТАНАС СТЕФАНОВ ЙОНКОВ","92030810, 9230646"
"УМБАЛ КАНЕВ АД","Русе","РУСЕ","ГР.РУСЕ","ул. Независимост 2","ИВАН СТЕФАНОВ ИВАНОВ, МИНЧО ИЛИЕВ ВИЧЕВ, АНТОАНЕЛА СЛАВЧЕВА ПЕТРОВА-ГАНЧЕВА, НЕЛИ СТЕФАНОВА ПЕТРОВА, ВЛАДИН ИВАНОВ ПЕТРОВ, ИВАН ХРИСТОВ СТОЯНОВ, АЛЕКСАНДЪР БОРИСОВ ПАРАШКЕВОВ","082/887215, 082/821011, 082/887351, 082/887223"
"УМБАЛ Каспела ЕООД Пловдив","Пловдив","ПЛОВДИВ","ГР.ПЛОВДИВ","ул.”София” № 64 и 66","Д-Р СТАНИСЛАВ ИВАНОВ ВЪЛКАНОВ, АНТОН ДИМИТРОВ ТОНЕВ, ИЛИАН ЙОРДАНОВ ДОЙКОВ","032645997"
"УМБАЛ МЕДИКА РУСЕ ООД","Русе","РУСЕ","ГР.РУСЕ","Рига №35","ИВЕЛИН ЦАНКОВ ЙОЦОВ","0885304040"
"УМБАЛ Пловдив АД","Пловдив","ПЛОВДИВ","ГР.ПЛОВДИВ","бул. България № 234","Д-Р ДИНЧО ГЕНЕВ ГЕНЕВ, ИЛИЯНА ЗАПРЯНОВА ВЪЛКАНОВА, ГЕОРГИ ЙОРДАНОВ ЙОРДАНОВ, АРГИР ВАСИЛЕВ АРГИРОВ, ИВО ПЕТРОВ МИЛЬОТЕВ","032/959221, 032/962012"
"УМБАЛ Проф. д-р Стоян Киркович АД гр. Стара Загора","Стара Загора","СТАРА ЗАГОРА","ГР.СТАРА ЗАГОРА","ул. ""Ген. Столетов"" № 2","ПРОФ. Д-Р ЙОВЧО ПЕТКОВ ЙОВЧЕВ, Д.М., ПЕТЪР АТАНАСОВ АТАНАСОВ, ПЕТРАНКА ИЛИЕВА ЧАКЪРОВА, ДОЦ. Д-Р ЙОВЧО ПЕТКОВ ЙОВЧЕВ","042/623750, 042/601125"
"УМБАЛ Пълмед ООД","Пловдив","ПЛОВДИВ","ГР.ПЛОВДИВ","р-н Западен ул. ПЕРУЩИЦА № 1А","СТОИЛ ГЕОРГИЕВ АПОСТОЛОВ, ЙОРДАН ЛЮБЕНОВ ПЕЛЕВ, ИВАН ЯНЧЕВ МАДЖАРОВ, Д-Р ЙОРДАН ЛЮБЕНОВ ПЕЛЕВ","032/607300"
"УМБАЛ СВ. ИВАН РИЛСКИ ЕАД СОФИЯ","София (столица)","СОФИЯ 10 рн ТРИАДИЦА","СОФИЯ 10 рн ТРИАДИЦА","р-н Триадица бул. ""Акад. Ив. Гешов"" № 15","НИКОЛАЙ РУМЕНОВ СТОИЛОВ, Д-Р РУМЕН МАЛИНОВ СТОИЛОВ, Д-Р ДЕЧО ПЕТРОВ ДЕЧЕВ, МАРИЕТА РАЙКОВА ЙОТИНСКА, Д-Р АНТОН ПЕТКОВ ПЕТКОВ","9521532, 9522018"
"УМБАЛ СВЕТА МАРИНА ЕАД гр. Варна","Варна","ВАРНА","ГР.ВАРНА","бул. ""Цар Освободител"" № 100; к.к ""Св. Св. Константин и Елена"", хотел ""Естрея Резиденс""; бул. ”Христо Смирненски” №1","ПРОФ. Д-Р СИЛВА ПЕТЕВА АНДОНОВА-АТАНАСОВА Д.М.Н., ПРОФ. Д-Р КРАСИМИР ДИМИТРОВ ИВАНОВ Д.М.Н., ПРОФ. Д-Р ЖАНЕТА ГЕОРГИЕВА ТЯНЕВА, Д.М.Н., ПРОФ. Д-Р ВАЛЕНТИН ЛЮБОМИРОВ ИГНАТОВ Д.М.","052302875, 052/302874"
"УМБАЛ СОФИЯМЕД ООД","София (столица)","СОФИЯ 08 рн ИЗГРЕВ; СОФИЯ 15 рн МЛАДОСТ","СОФИЯ 08 рн ИЗГРЕВ; СОФИЯ 15 рн МЛАДОСТ","бул.”Г.М.Димитров” №16; ул. ""Димитър Моллов"" № 10, бул. „Джавахарлал Неру“ № 23 и ул. „Ганчо Ганчев“ № 1","Д-Р ЙОРДАН ЛЮБЕНОВ ПЕЛЕВ, Д-Р БОЙКО МАРИНОВ ПЕНКОВ, Д-Р МИХАИЛ КИРИЛОВ ЗОРТЕВ, Д-Р ЕВГЕНИЙ ЖЕЛЕВ ЖЕЛЕВ","0893333399"
"УМБАЛ Свети Георги ЕАД Пловдив","Пловдив","ПЛОВДИВ","ГР.ПЛОВДИВ","бул. ""Васил Априлов"" №15 А; бул. ""Пещерско шосе"" №66","ПРОФ. Д-Р КАРЕН БРИЯНОВ ДЖАМБАЗОВ, ДМ, ДИМИТЪР ИВАНОВ ВУЧЕВ, МАРИЯ ГЕОРГИЕВА СЛАВОВА, ИЛИЯ АТАНАСОВ БАТАШКИ, МАРИАНА ТЕРВЕЛОВА МАНОВА, ПЕНКА АТАНАСОВА АТАНАСОВА, БОЖИДАР ДИМИТРОВ ХАДЖИЕВ, ДЕНКА ИВАНОВА КОСТОВА, АЛБЕНА ГЕОРГИЕВА ДЖУРКОВА","032/602814, 032/602974"
"УМБАЛ ЦАРИЦА ЙОАННА-ИСУЛ ЕАД СОФИЯ","София (столица)","СОФИЯ 04 рн ОБОРИЩЕ","СОФИЯ 04 рн ОБОРИЩЕ","ул. ""Бяло море"" № 8","ЛЮБОМИР ЛЮБЧОВ ПЕНЕВ, БОЙКО ГЕОРГИЕВ КОРУКОВ, ДОЦ. Д-Р ГРИГОРИЙ ИВАНОВ НЕДЕЛКОВ","9432121"
"УМБАЛ „СВЕТА ЕКАТЕРИНА“ ЕАД","София (столица)","СОФИЯ 10 рн ТРИАДИЦА; СОФИЯ 12 рн ИЛИНДЕН","СОФИЯ 10 рн ТРИАДИЦА; СОФИЯ 12 рн ИЛИНДЕН","р-н Триадица бул. ""Пенчо Славейков"" № 52 А; ул. Коньовица № 65","ДИМИТЪР ГЕОРГИЕВ ПЕТКОВ, ПРОФ. Д-Р ГЕНЧО КРЪСТЕВ НАЧЕВ, НИКОЛАЙ ГРИГОРОВ ДИМИТРОВ, ВАЛЕНТИН СТЕФАНОВ ГОВЕДАРСКИ","070012131, 029059404"
"УМБАЛ-Д-Р ГЕОРГИ СТРАНСКИ ЕАД","Плевен","ПЛЕВЕН","ГР.ПЛЕВЕН","ул. ""Георги Кочев"" № 8А; ул. ""Св. Св. Кирил и Методий"" № 20; бул. ""Русе"" № 89; ул. ""Сан Стефано"" № 45; ж.к. ""Сторгозия"" 113; ул. ""Климент Охридски"" № 1; ул. ""Ген. Вл. Вазов"" № 91","АЛЕКСАНДЪР ВЪЛКОВ ВЪЛКОВ, ВАСИЛ ВЕЛИЧКОВ ТОДОРОВ, ДИМИТЪР ЖИВКОВ СТОЙКОВ, НАТАША ПЕТРОВА МАНЕВА, ЦВЕТАН ХРИСТОФОРОВ ЛУКАНОВ","064/886444, 064/804212"
"УМБАЛСМ Н.И. ПИРОГОВ ЕАД СОФИЯ","София (столица)","СОФИЯ 02 рн КРАСНО СЕЛО","СОФИЯ 02 рн КРАСНО СЕЛО","р-н Красно село бул. ""Тотлебен"" № 21","ВАЛЕНТИН ДИМИТРОВ ДИМИТРОВ, Д-Р СПАС НИКОЛОВ СПАСКОВ, ПРОФ.Д-Р ДИМИТЪР РАДКОВ РАДЕНОВСКИ, ДОЦ. Д-Р СТОЯН ГЕОРГИЕВ МИЛАНОВ, ПРОФ.Д-Р АСЕН ГЕОРГИЕВ БАЛТОВ, ИВАН ГЕОРГИЕВ ПОРОМАНСКИ","02/9154290"
"УНИВЕРСИТЕТСКА І МБАЛ СОФИЯ СВ. ЙОАН КРЪСТИТЕЛ ЕАД","София (столица)","СОФИЯ 01 рн СРЕДЕЦ","СОФИЯ 01 рн СРЕДЕЦ","р-н ""Средец"", бул. ""Патриарх Евтимий"" № 37","АННА МИЛЧЕВА ЛЕЧЕВА, Д-Р МИХАИЛ НЕНОВ НИКОЛОВСКИ, ПРОФ. Д-Р ЦВЕТОМИР ИВАНОВ ДИМИТРОВ","8059203"
"УСБАЛАГ СЕЛЕНА ЕООД","Пловдив","ПЛОВДИВ","ГР.ПЛОВДИВ","бул.”Пещерско шосе” №80","АТАНАС ДИМЧЕВ ВЛАХОВ, ЗДРАВКО АТАНАСОВ МИНЕВ, ГЕОРГИ КОСТАДИНОВ ГЕОРГИЕВ, РУМЕН КИРИЛОВ СИМЕОНОВ","032/648020"
"УСБАЛЕ АКАД.ИВАН ПЕНЧЕВ ЕАД СОФИЯ","София (столица)","СОФИЯ 10 рн ТРИАДИЦА","СОФИЯ 10 рн ТРИАДИЦА","ул. ""Здраве"" № 2","МАРИЯ МИТКОВА ОРБЕЦОВА, ПРОФ. Д-Р САБИНА ЗАХАРИЕВА ЗАХАРИЕВА","8181500"
"УСБАЛО ПРОФ. БОЙЧО БОЙЧЕВ ЕАД СОФИЯ","София (столица)","СОФИЯ 18 рн ОВЧА КУПЕЛ","СОФИЯ 18 рн ОВЧА КУПЕЛ","бул. Никола Петков № 56","ВАЛЕНТИН НИКОЛОВ АНГЕЛОВ, ЕВГЕНИЙ ЛЮЦКАНОВ МЕДНИКАРОВ, Д-Р БОЯН БОЯНОВ ХРИСТОВ","8181500"
"УСБАЛО Проф. Иван Черноземски''ЕАД СОФИЯ","София (столица)","СОФИЯ 16 рн СТУДЕНТСКИ","СОФИЯ 16 рн СТУДЕНТСКИ","ул. Пловдивско поле № 6","ДОЦ. Д-Р ДИМИТЪР ВЪЛЧИНОВ ДИМИТРОВ, Д.М., СТРАШИМИР ИВАНОВ КАРАНОВ, ДОЦ. Д-Р ЗДРАВКА ГЪРДЕВА ВАСИЛЕВА-ВАЛЕРИАНОВА, Д-Р ПЕТРАНКА ПЕТРОВА КЪНЕВА-ТРОЯНОВА, Д-Р МИХАИЛ ИВАНОВ ШИНДОВ, Д-Р ВАЛЕНТИН НИКОЛОВ АНГЕЛОВ, ПРОФ. Д-Р ПАНАЙОТ ФОТЕВ КУРТЕВ, Д-Р СТЕФАН КОНСТАНТИНОВ КОНСТАНТИНОВ, ПАНАЙОТ ФОТЕВ КУРТЕВ, ВЛАДИМИР ВАСЕВ ДАСКАЛОВ","8076299"
"УСБОБАЛ-Варна ЕООД","Варна","ВАРНА","ГР.ВАРНА","ул. „Дойран” № 15","ПРОФ. Д-Р ЗОРНИЦА ИВАНОВА ЗЛАТАРОВА-АНГЕЛОВА, ДМН, Д-Р РУСЛАН ЗДРАВКОВ ТОШЕВ Д.М., ПРОФ. Д-Р ХРИСТИНА НИКОЛOВА ГРУПЧЕВА, ДМН","052634096, 052634901"
"Фърст Диализис - Пазарджик","Пазарджик","ПАЗАРДЖИК","ГР.ПАЗАРДЖИК","ул. Цар Шишман №9","ВАЛЕРИ ДИМИТРОВ ЦЕКОВ","034/986593"
"ЦЕНТЪР ЗА КОЖНО - ВЕНЕРИЧЕСКИ ЗАБОЛЯВАНИЯ - Враца ЕООД","Враца","ВРАЦА","ГР.ВРАЦА","бул. ""Втори юни"" №68; бул. ""Втори Юни"" № 66","ИВО ВАСИЛЕВ НИКОЛОВ, Д-Р ГРИГОР ТОМОВ ГРИГОРОВ, Д-Р МАГДАЛЕНА ЦВЕТАНОВА ПЕТКОВА, СНЕЖА ПЕТРОВА АЛЕКСАНДРОВА, Д-Р КЕТИ ДИТКОВА ЦЕНОВА - СРЕДКОВА","0879887377, 092/665465, 092/665571, 092/624040, 0883256364"
"ЦКВЗ Пловдив ЕООД","Пловдив","ПЛОВДИВ","ГР.ПЛОВДИВ","р-н „Южен“, ул. „Даме Груев“ № 1а","Д-Р БОЯН БРАНКОВ КОСТОВ, ЕЛЕНА ДИМИТРОВА ДЯКОВА, СТОЯН ДИМИТРОВ ШУМАНОВ","032606535"
"ЦПЗ ПРОФ Н ШИПКОВЕНСКИ ЕООД","София (столица)","СОФИЯ 04 рн ОБОРИЩЕ","СОФИЯ 04 рн ОБОРИЩЕ","Р-Н ""ОБОРИЩЕ"", УЛ. ""ЕКЗАРХ ЙОСИФ"" № 59","АНА ДИМИТРОВА ПОПОВА-ВЪРБАНОВА, ГЪЛЪБИНА ПЕТРОВА ТАРАШОЕВА","9816061, 9818166"
"ЧАСТЕН ДИАЛИЗЕН ЦЕНТЪР ВТ ЕООД","Велико Търново","ВЕЛИКО ТЪРНОВО","ГР.ВЕЛИКО ТЪРНОВО","ул. ""Ален мак"" №13","ВАЛЕНТИНА АНГЕЛОВА АТАНАСОВА","0888320584"
"ЮЗБ","Благоевград","ПЕТРИЧ; САНДАНСКИ","ГР.ПЕТРИЧ; ГР.САНДАНСКИ","УЛ. РОКФЕЛЕР № 52; ПАРКОВА ЗОНА; УЛ. СВОБОДА № 1, ЕТ. 3","ИЛИЯ СТОЯНОВ ТОНЕВ","074/201016, 074/201047"
"“СПЕЦИАЛИЗИРАНА БОЛНИЦА ЗА АКТИВНО ЛЕЧЕНИЕ ПО КАРДИОЛОГИЯ” ЕАД","Плевен","ПЛЕВЕН","ГР.ПЛЕВЕН","ул. ""Ген. Вл. Вазов"" 91-II кл. база; ул. ""Пиер Кюри"" №2","ДАНИЕЛА ДИМИТРОВА МАКАВЕЕВА, МЛАДЕН ВЛАДИМИРОВ ГРИГОРОВ, СОТИР ТОДОРОВ МАРЧЕВ, Д-Р ВАЛЕНТИН ВЕНЦИСЛАВОВ ХРИСТОВ, ПРОФ.Д-Р НИКОЛАЙ ГРИГОРОВ ДИМИТРОВ","064/804480, 064/884480"
"„ДИАЛИЗЕН ЦЕНТЪР – ДРУЖБА“ ООД","София (столица)","СОФИЯ 14 рн ИСКЪР","СОФИЯ 14 рн ИСКЪР","Гр. София, ул. ""Искърско шосе"" № 19","Д-Р НИКОЛАЙ ГЕОРГИЕВ ТОДОРОВ",""